,Date, Type,Note,Amount,Trans_id,Trans_type,Trans_subtype,Source
0,2014-12-16,POS,"'2874 15DEC14 , SAINSBURY'S S/MKT , WHITECHAPEL GB",-16.85,1,,,
1,2014-12-16,POS,"'2874 14DEC14 , COSTCUTTER , LONDON E3 GB",-4.94,2,,,
2,2014-12-16,POS,"'2874 15DEC14 , NAT GEO SOCIETY , 4402073650916 GB",-23.99,3,,,
3,2014-12-17,POS,"'2874 16DEC14 , E3 DRY CLEANERS , LONDON GB",-13.0,4,,,
4,2014-12-17,C/L,'HSBC 17DEC,-10.0,5,,,
5,2014-12-18,POS,"'2874 17DEC14 , ASAKUSA , LONDON NW1 GB",-33.15,6,,,
6,2014-12-18,POS,"'2874 16DEC14 , SCENARIO , LONDON GB",-7.0,7,,,
7,2014-12-18,POS,"'2874 17DEC14 , FOYLES (EAS) , LONDON GB",-25.0,8,,,
8,2014-12-18,D/D,'OVO ENERGY,-106.0,9,,,
9,2014-12-22,BAC,"'ABAZA KHALED , KHALED-RBS , FP 19/12/14 2044 , FP14353O12205163",100.0,10,,,
10,2014-12-22,DPC,"'CALL REF.NO. 0000 , SIMON O BRIEN , FP 20/12/14 10 , 29172350719726000R",-10.0,11,,,
11,2014-12-22,POS,"'2874 19DEC14 , STEAMGAMES.COM , LUXEMBOURG LU",-17.99,12,,,
12,2014-12-22,POS,"'2874 20DEC14 , BYRON HAMBURGERS , SPITALFIELDS GB",-9.85,13,,,
13,2014-12-22,POS,"'2874 19DEC14 , SALSA , CHARING CROSS GB",-22.68,14,,,
14,2014-12-22,POS,"'2874 20DEC14 , APPLES AND PEARS , LONDON GB",-5.0,15,,,
15,2014-12-22,POS,"'2874 20DEC14 , APPLES AND PEARS , LONDON GB",-32.0,16,,,
16,2014-12-22,POS,"'2874 21DEC14 C , LONDON AND SOUTH EAS, LONDON EC4N GB",-11.4,17,,,
17,2014-12-22,POS,"'2874 21DEC14 , CO-OP GROUP PETROL, BOW ROAD GB",-3.25,18,,,
18,2014-12-22,POS,"'2874 19DEC14 , HACHE BURGER , CONNOISSE , LONDON EC2A 3 GB",-52.31,19,,,
19,2014-12-22,POS,"'2874 20DEC14 , PECKOVER , TRADITIONAL B , LONDON E2 GB",-11.97,20,,,
20,2014-12-22,C/L,'BANKOIRELAND 21DEC,-20.0,21,,,
21,2014-12-23,POS,"'2874 22DEC14 , RED HERRING , LONDON GB",-4.05,22,,,
22,2014-12-23,POS,"'2874 22DEC14 , TFL CYCLE HIRE , BRUSHFIELD ST GB",-4.0,23,,,
23,2014-12-23,POS,"'2874 22DEC14 C , LONDON TEA EXCHANG, LONDON GB",-10.0,24,,,
24,2014-12-23,POS,"'2874 22DEC14 , RED HERRING , LONDON GB",-4.05,25,,,
25,2014-12-24,C/L,"'2874 23DEC14 , HILAL BANK ABU , DHABI A , ABU DHABI AE , AED 300.00, VRATE 5.6926, FGN CSH FEE 2.00, N-S TRN FEE 1.45",-56.15,26,,,
26,2014-12-24,POS,"'2874 23DEC14 , AMAZON DIGITAL , DWNLDS , 866-321-8851 LU",-3.59,27,,,
27,2014-12-24,POS,"'2874 23DEC14 , GIVEWELL , 6462332035 US , USD 5.00, VRATE 1.5479, FGN PUR FEE 1.00",-4.23,28,,,
28,2014-12-24,POS,"'2874 22DEC14 , THE CAT AND MUTTON, LONDON E8 GB",-8.9,29,,,
29,2014-12-24,POS,"'2874 23DEC14 , WWW.GIFFGAFF.COM , ONLINE STORE GB",-10.0,30,,,
30,2014-12-24,POS,"'2874 22DEC14 , THE CAT AND MUTTON, LONDON E8 GB",-8.6,31,,,
31,2014-12-24,POS,"'2874 23DEC14 , WAGAMAMA T5 , HEATHROW , LONDON GB",-20.2,32,,,
32,2014-12-29,POS,"'2874 25DEC14 , THE UNITED , BOOKSTORE-B , ABU DHABI AE , AED 488.00, VRATE 5.6869, FGN PUR FEE 2.36",-88.17,33,,,
33,2014-12-29,POS,"'2874 25DEC14 , MAYASS BEIRUT , REST. LL , ABU DHABI AE , AED 135.14, VRATE 5.6877, FGN PUR FEE 1.00",-24.76,34,,,
34,2014-12-29,POS,"'2874 24DEC14 , WWW.GIFFGAFF.COM , ONLINE STORE GB",-10.0,35,,,
35,2015-02-01,POS,"'2874 01JAN15 C , PASSING CLOUDS , TRADING , LONDON GB",-10.5,36,,,
36,2015-02-01,POS,"'2874 01JAN15 , GAP 994 , LONDON W1V GB",-44.99,37,,,
37,2015-02-01,POS,"'2874 01JAN15 , PASSING CLOUDS , TRADING , LONDON GB",-21.2,38,,,
38,2015-02-01,POS,"'2874 01JAN15 C , CO-OP GROUP PETROL, BOW ROAD GB",-3.0,39,,,
39,2015-02-01,POS,"'2874 01JAN15 C , TESCO STORES 6668 , LONDON GB",-6.0,40,,,
40,2015-02-01,POS,"'2874 31DEC14 C , CO-OP GROUP PETROL, BOW ROAD GB",-19.62,41,,,
41,2015-02-01,POS,"'2874 01JAN15 C , TESCO STORES 6668 , LONDON GB",-1.09,42,,,
42,2015-02-01,POS,"'2874 01JAN15 C , BBQ EXPRESS , LONDON GB",-12.39,43,,,
43,2015-02-01,POS,"'2874 31DEC14 , SIM LOCAL TRML 5 , LANDS , LONDON HEATHR GB",-30.0,44,,,
44,2015-02-01,D/D,'SOAS,-3.0,45,,,
45,2015-05-01,CHG,'19DEC A/C 10651269,-12.95,46,,,
46,2015-05-01,POS,"'2874 03JAN15 , 447801538010 , FEE GB",-43.32,47,,,
47,2015-05-01,POS,"'2874 04JAN15 , WWW.ACCUSCR , EWS.CO.UK , HUDDERSFIELD GB",-6.54,48,,,
48,2015-05-01,POS,"'2874 02JAN15 , CO-OP GROUP PETROL, BOW ROAD GB",-17.18,49,,,
49,2015-05-01,POS,"'2874 02JAN15 C , PRET A MANGER , 7 MARYLEBONE GB",-8.34,50,,,
50,2015-05-01,POS,"'2874 03JAN15 C , CO-OP GROUP PETROL, BOW ROAD GB",-15.28,51,,,
51,2015-05-01,POS,"'2874 02JAN15 C , CO-OP GROUP PETROL, BOW ROAD GB",-10.74,52,,,
52,2015-05-01,POS,"'2874 02JAN15 C , TESCO STORES 6668 , LONDON GB",-1.75,53,,,
53,2015-05-01,POS,"'2874 02JAN15 C , TESCO STORES 6668 , LONDON GB",-4.45,54,,,
54,2015-05-01,POS,"'2874 04JAN15 C , CO-OP GROUP PETROL, BOW ROAD GB",-18.98,55,,,
55,2015-06-01,POS,"'2874 04JAN15 , PAYPAL , *BOARDGAMEGU , 35314369001 LU",-42.99,56,,,
56,2015-06-01,POS,"'2874 05JAN15 , WIKIMEDIA , 877-600-9454 US",-2.0,57,,,
57,2015-06-01,POS,"'2874 05JAN15 , FGW SELF SERVICE , PADDINGTON GB",-18.1,58,,,
58,2015-06-01,POS,"'2874 05JAN15 C , MISSION BURRITO , READING GB",-15.75,59,,,
59,2015-06-01,POS,"'2874 05JAN15 , SAINSBURYS SMKT , BROAD STREET GB",-27.93,60,,,
60,2015-06-01,POS,"'2874 05JAN15 C , CO-OP GROUP PETROL, BOW ROAD GB",-6.45,61,,,
61,2015-06-01,POS,"'2874 05JAN15 , LA PERLA , LONDON WC2E GB",-64.07,62,,,
62,2015-07-01,POS,"'2874 06JAN15 , ACE HOTEL , SHOREDITCH GB",-43.03,63,,,
63,2015-07-01,D/D,'TALKTALK LIMITED,-25.2,64,,,
64,2015-08-01,POS,"'2874 07JAN15 , BLK*RAINFOREST , TRUST , 8004564930 US , USD 5.00, VRATE 1.5105, FGN PUR FEE 1.00",-4.31,65,,,
65,2015-08-01,POS,"'2874 07JAN15 , SAINSBURY'S S/MKT , WHITECHAPEL GB",-33.85,66,,,
66,2015-08-01,POS,"'2874 07JAN15 C , ONE FOUR FOUR , KEBAB , LONDON GB",-6.0,67,,,
67,2015-08-01,POS,"'2874 06JAN15 C , SCENARIO , LONDON GB",-4.5,68,,,
68,2015-08-01,D/D,'UNICEF UK,-4.0,69,,,
69,2015-09-01,POS,"'2874 08JAN15 C , CHILANGO'S , LONDON GB",-11.97,70,,,
70,2015-09-01,POS,"'2874 08JAN15 C , CO-OP GROUP 600322, STEPNEY GB",-1.95,71,,,
71,2015-09-01,POS,"'2874 08JAN15 , GOOGLE *MUSIC , GOOGLE.COM/CH GB",-9.99,72,,,
72,2015-09-01,D/D,'VIRGIN MOBILE,-18.7,73,,,
73,2015-12-01,POS,"'2874 10JAN15 , MSFT , *MICROSOFTSTORE , 8000260329 LU",-79.99,74,,,
74,2015-12-01,POS,"'2874 09JAN15 C , CO-OP GROUP PETROL, BOW ROAD GB",-3.79,75,,,
75,2015-12-01,POS,"'2874 10JAN15 , GIFFGAFF.COM , ONLINE STORE GB",-15.0,76,,,
76,2015-12-01,POS,"'2874 10JAN15 C , CO-OP GROUP PETROL, BOW ROAD GB",-19.07,77,,,
77,2015-12-01,POS,"'2874 09JAN15 , COSTCUTTER , LONDON E3 GB",-24.99,78,,,
78,2015-12-01,D/D,'B/CARD PLAT VISA,-750.0,79,,,
79,2015-01-13,POS,"'2874 12JAN15 , WWW.THEKNOW , LEDGEACADEM , INTERNET GB",-778.8,80,,,
80,2015-01-13,POS,"'2874 12JAN15 C , CO-OP GROUP PETROL, BOW ROAD GB",-9.03,81,,,
81,2015-01-14,POS,"'2874 13JAN15 C , CO-OP GROUP PETROL, BOW ROAD GB",-3.48,82,,,
82,2015-01-14,POS,"'2874 13JAN15 , PECKOVER , TRADITIONAL B , LONDON E2 GB",-20.0,83,,,
83,2015-01-14,POS,"'2874 13JAN15 C , AMT COFFEE , LONDON 185 GB",-1.9,84,,,
84,2015-01-14,POS,"'2874 13JAN15 , EPOCH.COM , *MULTIMEDI , 800-893-8871 GB",-7.61,85,,,
85,2015-01-14,POS,"'2874 13JAN15 , TFL CYCLE HIRE , TWIG FOLLY BR GB",-2.0,86,,,
86,2015-01-15,POS,"'2874 14JAN15 , JOHN LEWIS , OXFORD STREET GB",-18.9,87,,,
87,2015-01-16,POS,"'2874 15JAN15 C , PRET A MANGER , ST PANCRAS IN GB",-8.5,88,,,
88,2015-01-19,POS,"'2874 16JAN15 , VUE BSL LTD , STRATFORD GB",-14.15,89,,,
89,2015-01-19,POS,"'2874 17JAN15 , THE BOOK CLUB , LONDON GB",-17.2,90,,,
90,2015-01-19,POS,"'2874 18JAN15 C , BURGER KING , CONCOURSE , LONDON GB",-7.09,91,,,
91,2015-01-19,POS,"'2874 17JAN15 C , DF MEXICO , EC43 9AF GB",-11.05,92,,,
92,2015-01-19,POS,"'2874 17JAN15 , THE BOOK CLUB , LONDON GB",-12.9,93,,,
93,2015-01-19,POS,"'2874 16JAN15 C , PHO , LONDON GB",-9.95,94,,,
94,2015-01-19,POS,"'2874 17JAN15 , ALL STAR LANES , TRUMAN , LONDON GB",-21.45,95,,,
95,2015-01-19,C/L,'CASHLINE 18JAN,-110.0,96,,,
96,2015-01-19,D/D,'OVO ENERGY,-106.0,97,,,
97,2015-01-20,POS,"'2874 19JAN15 , SUBWAY , ST GEORGES 2 GB",-5.99,98,,,
98,2015-01-20,POS,"'2874 18JAN15 , COSTCUTTER , LONDON E3 GB",-6.49,99,,,
99,2015-01-21,POS,"'2874 20JAN15 C , TESCO STORES 4389 , LONDON GB",-5.82,100,,,
100,2015-01-22,POS,"'2874 21JAN15 C , CHILANGO'S , LONDON GB",-6.99,101,,,
101,2015-01-22,POS,"'2874 21JAN15 C , TESCO STORES 4389 , LONDON GB",-1.0,102,,,
102,2015-01-22,POS,"'2874 21JAN15 C , TESCO STORES 5418 , WHITECHAPEL GB",-10.98,103,,,
103,2015-01-23,BAC,"'ABAZA KHALED , KHALED-RBS , FP 23/01/15 1532 , FP15023O04660492",300.0,104,,,
104,2015-01-23,POS,"'2874 22JAN15 C , CHILANGO'S , LONDON GB",-6.99,105,,,
105,2015-01-23,POS,"'2874 22JAN15 C , CO-OP GROUP PETROL, BOW ROAD GB",-11.7,106,,,
106,2015-01-26,POS,"'2874 23JAN15 , GIVEWELL , 6462332035 US , USD 5.00, VRATE 1.4970, FGN PUR FEE 1.00",-4.34,107,,,
107,2015-01-26,POS,"'2874 24JAN15 , MONSTER SUPPLEMENT, HULL GB",-35.98,108,,,
108,2015-01-26,POS,"'2874 23JAN15 C , ANDROUET , LONDON GB",-5.95,109,,,
109,2015-01-26,POS,"'2874 23JAN15 C , CHILANGO'S , LONDON GB",-4.99,110,,,
110,2015-01-26,POS,"'2874 25JAN15 C , CO-OP GROUP PETROL, BOW ROAD GB",-9.18,111,,,
111,2015-01-26,POS,"'2874 23JAN15 , WHITE SWAN , LONDON GB",-11.6,112,,,
112,2015-01-26,POS,"'2874 24JAN15 , CO-OP GROUP 600322, STEPNEY GB",-13.4,113,,,
113,2015-01-27,POS,"'2874 26JAN15 C , CO-OP GROUP PETROL, BOW ROAD GB",-2.79,114,,,
114,2015-01-28,C/L,'BANKOIRELAND 28JAN,-30.0,115,,,
115,2015-01-29,POS,"'2874 28JAN15 C , GENESIS , LONDON GB",-7.1,116,,,
116,2015-01-29,POS,"'2874 28JAN15 , GENESISENTE , 44207780200 GB",-9.0,117,,,
117,2015-01-29,POS,"'2874 28JAN15 , GENESIS , LONDON GB",-16.5,118,,,
118,2015-01-30,C/L,'BANKOIRELAND 29JAN,-10.0,119,,,
119,2015-02-02,POS,"'2874 01FEB15 C , WAITROSE 236 , MARYLEBONE GB",-15.49,120,,,
120,2015-02-02,POS,"'2874 30JAN15 C , CO-OP GROUP PETROL, BOW ROAD GB",-7.99,121,,,
121,2015-02-02,POS,"'2874 31JAN15 , BOW FOOD AND WINES , LONDON GB",-4.69,122,,,
122,2015-02-02,POS,"'2874 01FEB15 C , TESCO STORES 6668 , LONDON GB",-6.76,123,,,
123,2015-02-02,POS,"'2874 31JAN15 C , CO-OP GROUP PETROL, BOW ROAD GB",-8.18,124,,,
124,2015-02-02,POS,"'2874 01FEB15 , GOOGLE *CGE , GOOGLE.COM/CH GB",-3.29,125,,,
125,2015-02-02,POS,"'2874 31JAN15 C , CO-OP GROUP PETROL, BOW ROAD GB",-8.1,126,,,
126,2015-02-02,C/L,'NATWEST 31JAN,-20.0,127,,,
127,2015-02-02,D/D,'TALKTALK LIMITED,-25.2,128,,,
128,2015-02-02,D/D,'SOAS,-3.0,129,,,
129,2015-03-02,POS,"'2874 02FEB15 , UBER BV , SUPPORT.UBER. NL",-17.4,130,,,
130,2015-03-02,POS,"'2874 02FEB15 , KAZAN , LONDON GB",-113.79,131,,,
131,2015-03-02,POS,"'2874 02FEB15 C , CO-OP GROUP PETROL, BOW ROAD GB",-7.14,132,,,
132,2015-03-02,C/L,'SAINSBURYS 03FEB,-20.0,133,,,
133,2015-04-02,CHG,'19JAN A/C 10651269,-12.95,134,,,
134,2015-04-02,POS,"'2874 03FEB15 , UBER BV , SUPPORT.UBER. NL",-14.3,135,,,
135,2015-04-02,POS,"'2874 03FEB15 C , CO-OP GROUP PETROL, BOW ROAD GB",-15.79,136,,,
136,2015-05-02,POS,"'2874 04FEB15 C , CO-OP GROUP 600322, STEPNEY GB",-5.24,137,,,
137,2015-05-02,POS,"'2874 04FEB15 C , THE COCK TAVERN , LONDON GB",-6.14,138,,,
138,2015-06-02,POS,"'2874 05FEB15 , WIKIMEDIA , SAN FRANCISCO US",-2.0,139,,,
139,2015-06-02,POS,"'2874 05FEB15 C , KFC BARKING , LONDON GB",-5.99,140,,,
140,2015-06-02,POS,"'2874 05FEB15 , LUPITA , LONDON E1 GB",-83.25,141,,,
141,2015-06-02,POS,"'2874 05FEB15 , ARGOS LTD , BARKING GB",-24.99,142,,,
142,2015-06-02,POS,"'2874 05FEB15 , SUBWAY , ST GEORGES 2 GB",-0.99,143,,,
143,2015-06-02,D/D,'VIRGIN MOBILE,-22.5,144,,,
144,2015-09-02,POS,"'2874 07FEB15 , BLK*RAINFOREST , TRUST , 8004564930 US , USD 5.00, VRATE 1.5243, FGN PUR FEE 1.00",-4.28,145,,,
145,2015-09-02,POS,"'2874 06FEB15 , WWW.HANDYBOOK.COM , 8888476036 GB",-30.0,146,,,
146,2015-09-02,POS,"'2874 06FEB15 , CHATURBILL.COM , 949-428-8700 US , USD 20.99, VRATE 1.5254, FGN PUR FEE 1.00",-14.76,147,,,
147,2015-09-02,POS,"'2874 07FEB15 , 447581427540 , FEE GB",-20.0,148,,,
148,2015-09-02,POS,"'2874 06FEB15 C , CO-OP GROUP 600322, STEPNEY GB",-19.35,149,,,
149,2015-09-02,POS,"'2874 06FEB15 , THE NATURAL , KITCHEN , LONDON GB",-33.58,150,,,
150,2015-10-02,D/D,'UNICEF UK,-4.0,151,,,
151,2015-11-02,POS,"'9285 10FEB15 , T K MAXX , NOTTINGHAM GB",-105.96,152,,,
152,2015-11-02,POS,"'9285 10FEB15 , T K MAXX , NOTTINGHAM GB",-12.97,153,,,
153,2015-11-02,POS,"'9285 10FEB15 , PLUSNET PLC 0845 , 14002 , SHEFFIELD GB",-24.44,154,,,
154,2015-12-02,,'160109 12FEB 1439,320.0,155,,,
155,2015-12-02,POS,"'9285 11FEB15 , GIFFGAFF.COM , ONLINE STORE GB",-25.0,156,,,
156,2015-12-02,SBT,"'2874 09FEB15 , AMAZON SVCS EUROPE",-69.4,157,,,
157,2015-02-13,POS,"'9285 12FEB15 , BIZZBY , LONDON EC2A 3 GB",-37.0,158,,,
158,2015-02-13,POS,"'9285 12FEB15 , LIME ORANGE , LONDON GB",-10.0,159,,,
159,2015-02-13,POS,"'9285 12FEB15 , CARAVAN , LONDON GB",-53.55,160,,,
160,2015-02-13,POS,"'9285 12FEB15 C , CO-OP GROUP 600322, STEPNEY GB",-7.94,161,,,
161,2015-02-13,POS,"'9285 12FEB15 C , GREGGS S0919 , LONDON GB",-3.65,162,,,
162,2015-02-16,IBP,"'2874 11FEB15 , WWW.HANDYBOOK.COM",30.0,163,,,
163,2015-02-16,POS,"'9285 14FEB15 , VUE BSL LTD , WEST END GB",-30.8,164,,,
164,2015-02-16,POS,"'9285 14FEB15 C , SUBWAY , MILE END ROAD GB",-6.58,165,,,
165,2015-02-16,POS,"'9285 15FEB15 , KENSINGTON , CREPERIE , LONDON GB",-64.55,166,,,
166,2015-02-16,POS,"'9285 13FEB15 , CO-OP GROUP PETROL, BOW ROAD GB",-20.48,167,,,
167,2015-02-16,POS,"'9285 14FEB15 C , TFL.GOV.UK/CP , TFL TRAVEL CH GB",-3.8,168,,,
168,2015-02-16,POS,"'9285 14FEB15 , LA PERLA , LONDON WC2E GB",-50.46,169,,,
169,2015-02-16,POS,"'9285 15FEB15 , SAINSBURYS S/MKTS , HACKNEY BETHN GB",-7.85,170,,,
170,2015-02-16,POS,"'9285 15FEB15 C , CO-OP GROUP PETROL, BOW ROAD GB",-2.0,171,,,
171,2015-02-16,D/D,'B/CARD PLAT VISA,-750.0,172,,,
172,2015-02-17,POS,"'9285 16FEB15 C , TESCO STORES 5898 , BOW GB",-2.1,173,,,
173,2015-02-17,POS,"'9285 16FEB15 , J SAINSBURYS LTD , LONDON GB",-3.05,174,,,
174,2015-02-18,POS,"'9285 15FEB15 , MBI-PROBILL , ER.COM/MF , 855-232-9584 IE",-19.95,175,,,
175,2015-02-18,D/D,'OVO ENERGY,-106.0,176,,,
176,2015-02-19,POS,"'9285 18FEB15 , AMAZON UK RETAIL , AMAZON.CO.UK LU",-19.99,177,,,
177,2015-02-19,POS,"'9285 18FEB15 C , CO-OP GROUP PETROL, BOW ROAD GB",-2.38,178,,,
178,2015-02-19,POS,"'9285 18FEB15 C , POST OFFICE , COUNTER , LONDON GB",-2.03,179,,,
179,2015-02-20,POS,"'9285 19FEB15 , TBT ACCESS LTD , LONDON GB",-70.0,180,,,
180,2015-02-23,BAC,'FCL CLIENT ACC,400.0,181,,,
181,2015-02-23,POS,"'9285 22FEB15 , AMAZON DIGITAL , DWNLDS , 866-321-8851 LU",-2.99,182,,,
182,2015-02-23,C/L,'SAINSBURYS 23FEB,-20.0,183,,,
183,2015-02-25,BAC,'FCL CLIENT ACC,952.06,184,,,
184,2015-02-03,POS,"'9285 27FEB15 , TFL CYCLE HIRE , BOW ROAD STAT GB",-2.0,185,,,
185,2015-02-03,C/L,'BANKOIRELAND 28FEB,-10.0,186,,,
186,2015-02-03,D/D,'SOAS,-3.0,187,,,
187,2015-03-03,POS,"'9285 02MAR15 , EE AND T-MOBILE , T MOBILE.CO.U GB",-5.0,188,,,
188,2015-03-03,C/L,'SAINSBURYS 03MAR,-10.0,189,,,
189,2015-04-03,POS,"'9285 03MAR15 , COSTCUTTER , LONDON E3 GB",-10.32,190,,,
190,2015-04-03,C/L,'NOTEMACHINE 04MAR,-100.0,191,,,
191,2015-05-03,POS,"'9285 04MAR15 , J SAINSBURYS LTD , LONDON GB",-2.2,192,,,
192,2015-05-03,C/L,'SAINSBURYS 05MAR,-30.0,193,,,
193,2015-09-03,BAC,"'ABAZA KHALED , KHALED-RBS , FP 08/03/15 1752 , FP15067O03022402",100.0,194,,,
194,2015-09-03,INT,'19FEB A/C 10651269,-1.05,195,,,
195,2015-09-03,CHG,'19FEB A/C 10651269,-12.95,196,,,
196,2015-09-03,POS,"'9285 08MAR15 , TESCO STORES 6440 , LONDON EN8 GB",-38.56,197,,,
197,2015-09-03,POS,"'9285 08MAR15 , DELIVERANCE , LIMITED , LONDON GB",-46.3,198,,,
198,2015-09-03,POS,"'9285 07MAR15 , ROYAL COURT , THEATRE , LONDON GB",-70.0,199,,,
199,2015-09-03,D/D,'VIRGIN MOBILE,-54.04,200,,,
200,2015-10-03,D/D,'UNICEF UK,-4.0,201,,,
201,2015-12-03,POS,"'9285 11MAR15 , GIFFGAFF.COM , ONLINE STORE GB",-15.0,202,,,
202,2015-03-13,POS,"'9285 12MAR15 , GOOGLE *COMMERCE , LTD , GOOGLE.COM/CH GB",-9.99,203,,,
203,2015-03-16,POS,"'9285 14MAR15 , THE TRAINLINE.CO , 03332 022 222 LU",-61.5,204,,,
204,2015-03-16,POS,"'9285 15MAR15 , DSA , NOTTINGHAM GB",-62.0,205,,,
205,2015-03-16,D/D,'B/CARD PLAT VISA,-750.0,206,,,
206,2015-03-17,POS,"'9285 16MAR15 , AMAZON SVCS , EUROPE,SAR , AMAZON.CO.UK LU",-16.95,207,,,
207,2015-03-17,POS,"'9285 16MAR15 , AMAZON SVCS , EUROPE,SAR , AMAZON.CO.UK LU",-4.65,208,,,
208,2015-03-17,POS,"'9285 16MAR15 , AMAZON SVCS , EUROPE,SAR , AMAZON.CO.UK LU",-9.48,209,,,
209,2015-03-17,POS,"'9285 16MAR15 , AMAZON SVCS , EUROPE,SAR , AMAZON.CO.UK LU",-7.99,210,,,
210,2015-03-17,POS,"'9285 16MAR15 , AMAZON SVCS , EUROPE,SAR , AMAZON.CO.UK LU",-13.99,211,,,
211,2015-03-18,BAC,"'S YOUSIF , FP 18/03/15 1040 , 600000000167389384",200.0,212,,,
212,2015-03-18,POS,"'9285 17MAR15 , DOIST LTD. , 8663291530 US",-18.0,213,,,
213,2015-03-18,POS,"'9285 17MAR15 , J SAINSBURYS LTD , LONDON GB",-2.2,214,,,
214,2015-03-18,D/D,'OVO ENERGY,-106.0,215,,,
215,2015-03-24,C/L,'SAINSBURYS 24MAR,-10.0,216,,,
216,2015-03-26,D/D,'PNET2674351-1,-18.45,217,,,
217,2015-03-27,,'160053 27MAR 1326,365.0,218,,,
218,2015-03-30,POS,"'9285 29MAR15 , THE TRAINLINE.CO , 03332 022 222 LU",-22.2,219,,,
219,2015-03-30,POS,"'9285 29MAR15 , UBER BV , HELP.UBER.COM NL",-16.65,220,,,
220,2015-03-30,C/L,'BMACH 29MAR,-20.0,221,,,
221,2015-01-04,POS,"'9285 31MAR15 , TRAINLINE.COM , 03332 022 222 LU",-122.5,222,,,
222,2015-01-04,C/L,'HSBC 01APR,-20.0,223,,,
223,2015-01-04,D/D,'SOAS,-3.0,224,,,
224,2015-07-04,C/R,'160053,5411.91,225,,,
225,2015-07-04,BAC,"'CONTRACTOR UMBRELL, CONTRACTOR UMBRELL, FP 07/04/15 0040 , 29023826800864000N, CONTRACTOR UMBRELL, A",3670.16,226,,,
226,2015-07-04,INT,'19MAR A/C 10651269,-2.41,227,,,
227,2015-07-04,CHG,'19MAR A/C 10651269,-12.95,228,,,
228,2015-07-04,DPC,"'CALL REF.NO. 1832 , JOE LINDSAY , FP 05/04/15 10 , 48110921960483000R",-200.0,229,,,
229,2015-07-04,POS,"'9285 02APR15 , DELIVERANCE , LIMITED , LONDON GB",-18.1,230,,,
230,2015-07-04,POS,"'9285 04APR15 , CHOP'D LTD , LONDON GB",-16.45,231,,,
231,2015-08-04,POS,"'9285 07APR15 , J SAINSBURYS LTD , LONDON GB",-2.2,232,,,
232,2015-08-04,POS,"'9285 07APR15 , CO-OP GROUP 600322, STEPNEY GB",-17.26,233,,,
233,2015-08-04,D/D,'UNICEF UK,-4.0,234,,,
234,2015-09-04,POS,"'9285 08APR15 , GOOGLE *JYOTHI , GOOGLE.COM/CH GB",-1.82,235,,,
235,2015-09-04,D/D,'VIRGIN MOBILE,-38.88,236,,,
236,2015-10-04,POS,"'9285 09APR15 C , WAITROSE 601 , HIGH HOLBORN GB",-8.96,237,,,
237,2015-04-13,POS,"'9285 12APR15 , UBER BV , HELP.UBER.COM NL",-14.16,238,,,
238,2015-04-13,POS,"'9285 11APR15 C , CO-OP GROUP FOOD , 108985 GB",-8.5,239,,,
239,2015-04-13,POS,"'9285 12APR15 C , THE SHOREDITCH , LONDON GB",-10.0,240,,,
240,2015-04-13,POS,"'9285 12APR15 , THE BAR , LONDON GB",-45.0,241,,,
241,2015-04-13,POS,"'9285 12APR15 , MEZE BBQ LTD , LONDON GB",-26.0,242,,,
242,2015-04-13,POS,"'9285 11APR15 , TFL CYCLE HIRE , BOW CHURCH ST GB",-2.0,243,,,
243,2015-04-13,POS,"'9285 11APR15 C , KENNYS NEWSAGENTS , LONDON GB",-5.68,244,,,
244,2015-04-13,POS,"'9285 11APR15 , GIFFGAFF.COM , ONLINE STORE GB",-15.0,245,,,
245,2015-04-13,POS,"'9285 11APR15 C , LOOK MUM NO HANDS , LONDON GB",-12.7,246,,,
246,2015-04-13,D/D,'B/CARD PLAT VISA,-750.0,247,,,
247,2015-04-14,POS,"'9285 13APR15 C , CO-OP GROUP PETROL, BOW ROAD GB",-3.0,248,,,
248,2015-04-14,POS,"'9285 13APR15 , PENDEREL'S OAK , LONDON GB",-9.94,249,,,
249,2015-04-15,DPC,"'CALL REF.NO. 1849 , SPICERHAART , FP 14/04/15 10 , 03214427052806000R",-1300.0,250,,,
250,2015-04-15,POS,"'9285 14APR15 , WAITROSE 236 , MARYLEBONE GB",-21.19,251,,,
251,2015-04-16,POS,"'9285 15APR15 C , TR3NTS LTD , LONDON GB",-7.0,252,,,
252,2015-04-17,POS,"'9285 16APR15 , J SAINSBURYS LTD , LONDON GB",-6.8,253,,,
253,2015-04-17,POS,"'9285 16APR15 , SAINSBURYS , 0000000000 , LONDON GB , CASH BACK 10.00",-10.5,254,,,
254,2015-04-20,POS,"'9285 19APR15 C , TESCO STORES 4389 , LONDON GB",-2.05,255,,,
255,2015-04-20,POS,"'9285 19APR15 , PIZZA UNION , LONDON GB",-22.1,256,,,
256,2015-04-20,POS,"'9285 19APR15 C , PIZZA UNION , LONDON GB",-2.95,257,,,
257,2015-04-20,POS,"'9285 17APR15 C , CO-OP GROUP PETROL, BOW ROAD GB",-1.3,258,,,
258,2015-04-20,POS,"'9285 19APR15 C , DUKE OF WELLINGTON, E1 7NE GB",-11.5,259,,,
259,2015-04-20,POS,"'9285 19APR15 , THE CULPEPER , LONDON GB",-17.9,260,,,
260,2015-04-20,C/L,'BANKOIRELAND 18APR,-30.0,261,,,
261,2015-04-20,D/D,'OVO ENERGY,-106.0,262,,,
262,2015-04-21,POS,"'9285 20APR15 , ACE HOTEL , SHOREDITCH GB",-56.81,263,,,
263,2015-04-21,POS,"'9285 19APR15 , COSTCUTTER , LONDON E3 GB",-10.47,264,,,
264,2015-04-21,C/L,'BANKOIRELAND 21APR,-10.0,265,,,
265,2015-04-22,POS,"'9285 21APR15 , UBER BV , HELP.UBER.COM NL",-5.76,266,,,
266,2015-04-22,POS,"'9285 20APR15 , WAHACA , LONDON GB",-16.75,267,,,
267,2015-04-22,POS,"'9285 21APR15 , LUL TICKET MACHINE, STEPNEY GREEN GB",-123.3,268,,,
268,2015-04-22,POS,"'9285 21APR15 , CO-OP GROUP 600322, STEPNEY GB",-1.25,269,,,
269,2015-04-22,C/L,'ALL AND LEICS 22APR,-10.0,270,,,
270,2015-04-23,POS,"'9285 22APR15 C , CAFFE NERO , HIGH HOLBORN GB",-6.15,271,,,
271,2015-04-23,C/L,'CASHLINE 22APR,-30.0,272,,,
272,2015-04-23,C/L,'SAINSBURYS 22APR,-20.0,273,,,
273,2015-04-24,POS,"'9285 23APR15 , PAYPAL , *VOTEFORPOLI , 35314369001 LU",-5.0,274,,,
274,2015-04-24,POS,"'9285 22APR15 , NANDOS MILE END , MILE END RD GB",-22.4,275,,,
275,2015-04-24,POS,"'9285 23APR15 , J SAINSBURYS LTD , LONDON GB",-3.0,276,,,
276,2015-04-24,D/D,'PNET2674351-1,-18.45,277,,,
277,2015-04-27,POS,"'9285 26APR15 , UBER BV , HELP.UBER.COM NL",-16.68,278,,,
278,2015-04-27,POS,"'9285 24APR15 C , PRET A MANGER , 1 LONG LANE GB",-2.64,279,,,
279,2015-04-27,POS,"'9285 25APR15 , ON THE CARDS , LONDON GB",-8.59,280,,,
280,2015-04-27,POS,"'9285 25APR15 C , PRINCE ALBERT , BRIXTON GB",-17.0,281,,,
281,2015-04-27,POS,"'9285 25APR15 C , PRINCE ALBERT , BRIXTON GB",-4.25,282,,,
282,2015-04-27,POS,"'9285 26APR15 C , FOUNDERS ARMS , LONDON GB",-4.8,283,,,
283,2015-04-27,POS,"'9285 25APR15 C , BEEHIVE , BRIXTON, LOND GB",-2.35,284,,,
284,2015-04-27,C/L,'BMACH 25APR,-10.0,285,,,
285,2015-04-27,C/L,'NOTEMACHINE 25APR,-30.0,286,,,
286,2015-04-27,C/L,"'BMACH 25APR, CHARGE 1.75, CARD ISSUE NO. 2",-21.75,287,,,
287,2015-04-28,POS,"'9285 27APR15 , 447581427540 , FEE GB",-16.0,288,,,
288,2015-04-28,POS,"'9285 26APR15 , TOWER HAMLETS BC , LONDON GB",-102.52,289,,,
289,2015-04-28,C/L,'NOTEMACHINE 28APR,-20.0,290,,,
290,2015-04-29,BAC,"'CONTRACTOR UMBRELL, CONTRACTOR UMBRELL, FP 29/04/15 0243 , 03023244293493000N, CONTRACTOR UMBRELL, A",1282.92,291,,,
291,2015-04-29,POS,"'9285 28APR15 C , MOMOWICH , LONDON GB",-6.55,292,,,
292,2015-04-29,POS,"'9285 28APR15 C , CO-OP GROUP PETROL, BOW ROAD GB",-12.99,293,,,
293,2015-04-30,POS,"'9285 29APR15 , AMAZON UK RETAIL , AMAZON.CO.UK LU",-24.99,294,,,
294,2015-04-30,POS,"'9285 29APR15 C , THE CULPEPER , LONDON GB",-12.0,295,,,
295,2015-04-30,POS,"'9285 29APR15 , BREWDOG SHOREDITCH, LONDON GB",-18.0,296,,,
296,2015-01-05,POS,"'9285 30APR15 , GRAYS INN DENTAL , LONDON GB",-19.3,297,,,
297,2015-01-05,POS,"'9285 30APR15 C , CO-OP GROUP 600322, STEPNEY GB",-3.87,298,,,
298,2015-01-05,D/D,'SOAS,-3.0,299,,,
299,2015-05-05,POS,"'9285 03MAY15 , SUPERDRUG STORES , PLC , WINDSOR GB , REFUND",20.0,300,,,
300,2015-05-05,INT,'19APR A/C 10651269,-3.3,301,,,
301,2015-05-05,CHG,'17APR A/C 10651269,-12.95,302,,,
302,2015-05-05,POS,"'9285 01MAY15 , KINGS CROSS , SNOOKER , LONDON GB",-12.0,303,,,
303,2015-05-05,POS,"'9285 03MAY15 , BYRON HAMBURGERS , SHOREDITCH 55 GB",-20.0,304,,,
304,2015-05-05,POS,"'9285 02MAY15 , PECKOVER , TRADITIONAL B , LONDON E2 GB",-25.0,305,,,
305,2015-05-05,POS,"'9285 03MAY15 , THE REDCHURCH BAR , LONDON GB",-25.0,306,,,
306,2015-05-05,POS,"'9285 01MAY15 , TFL CYCLE HIRE , HOLBORN CIRCU GB",-2.0,307,,,
307,2015-05-05,POS,"'9285 03MAY15 , THE REDCHURCH BAR , LONDON GB",-10.0,308,,,
308,2015-05-05,POS,"'9285 03MAY15 , THE REDCHURCH BAR , LONDON GB",-36.5,309,,,
309,2015-05-05,POS,"'9285 04MAY15 , CO-OP GROUP , 0000000000 , BOW ROAD GB , CASH BACK 50.00",-62.58,310,,,
310,2015-05-05,POS,"'9285 04MAY15 , CO-OP GROUP PETROL, BOW ROAD GB",-31.06,311,,,
311,2015-05-05,POS,"'9285 03MAY15 , MONTYS BAR AND , LOUNGE , LONDON GB",-31.0,312,,,
312,2015-05-05,POS,"'9285 04MAY15 , IZ *UNDERBELLY , LIMITED , LONDON GB",-9.0,313,,,
313,2015-05-05,POS,"'9285 01MAY15 , GENESIS , LONDON GB",-10.5,314,,,
314,2015-05-05,POS,"'9285 01MAY15 , GENESIS , LONDON GB",-13.5,315,,,
315,2015-05-05,POS,"'9285 03MAY15 , SUPERDRUG STORES , PLC , WINDSOR GB",-40.0,316,,,
316,2015-05-05,POS,"'9285 01MAY15 C , GENESIS , LONDON GB",-16.4,317,,,
317,2015-05-05,POS,"'9285 30APR15 , WWW.JUST EAT.CO.UK, 0208 7362006 GB",-21.37,318,,,
318,2015-05-05,POS,"'9285 02MAY15 , FGW SELF SERVICE , PADDINGTON GB",-9.1,319,,,
319,2015-05-05,D/D,'VIRGIN MOBILE,-22.8,320,,,
320,2015-05-05,C/L,'NATWEST 02MAY,-60.0,321,,,
321,2015-06-05,BAC,"'ABAZA KHALED , KHALED-RBS , FP 05/05/15 1928 , FP15125O06929121",30.0,322,,,
322,2015-06-05,BAC,"'CONTRACTOR UMBRELL, CONTRACTOR UMBRELL, FP 06/05/15 0245 , 41023305236398000N, CONTRACTOR UMBRELL, A",925.53,323,,,
323,2015-07-05,POS,"'9285 06MAY15 , AIRBNB , INTERNET IE",-113.0,324,,,
324,2015-07-05,POS,"'9285 06MAY15 C , ITSU LTD , LONDON WC1V GB",-6.47,325,,,
325,2015-07-05,C/L,'RAPHAEL CUR 07MAY,-246.18,326,,,
326,2015-08-05,POS,"'9285 07MAY15 , O'REILLY MEDIA , 8009989938 US , USD 16.99, VRATE 1.5156, FGN PUR FEE 1.00",-12.21,327,,,
327,2015-08-05,POS,"'9285 07MAY15 , TESCO STORES 6440 , LONDON EN8 GB",-30.92,328,,,
328,2015-08-05,POS,"'9285 07MAY15 C , M AND S SIMPLY FOOD - , SSP , ST PANCRAS ST GB",-12.5,329,,,
329,2015-08-05,POS,"'9285 07MAY15 C , WH SMITH , LONDON GB",-7.69,330,,,
330,2015-08-05,POS,"'9285 07MAY15 , SPOTIFYUK , LONDON GB",-9.99,331,,,
331,2015-08-05,D/D,'UNICEF UK,-4.0,332,,,
332,2015-12-05,POS,"'9285 11MAY15 C , CO-OP GROUP PETROL, BOW ROAD GB",-7.19,333,,,
333,2015-12-05,POS,"'9285 11MAY15 C , WAITROSE 601 , HIGH HOLBORN GB",-5.22,334,,,
334,2015-12-05,POS,"'9285 11MAY15 , GIFFGAFF.COM , ONLINE STORE GB",-15.0,335,,,
335,2015-05-13,POS,"'9285 12MAY15 , GOOGLE , *EVERYCIRCUIT , GOOGLE.COM/CH GB",-1.61,336,,,
336,2015-05-13,POS,"'9285 12MAY15 C , SIMPLY FRESH , LONDON GB",-2.99,337,,,
337,2015-05-14,POS,"'9285 13MAY15 C , CO-OP GROUP PETROL, BOW ROAD GB",-5.45,338,,,
338,2015-05-15,BAC,"'CONTRACTOR UMBRELL, CONTRACTOR UMBRELL, FP 15/05/15 0301 , 08023349195729000N, CONTRACTOR UMBRELL, A",593.37,339,,,
339,2015-05-18,DPC,"'CALL REF.NO. 0000 , TO A/C 11495821",-5000.0,340,,,
340,2015-05-18,POS,"'9285 09MAY15 , VELIB AUTOMATE , 478344 , 9275 PARIS FR , EUR 7.70, VRATE 1.3824, FGN PUR FEE 1.00",-6.57,341,,,
341,2015-05-18,POS,"'9285 17MAY15 , COSTCUTTER , LONDON E3 GB",-5.77,342,,,
342,2015-05-18,POS,"'9285 16MAY15 , CREATIVEVENTS THE , FOOD , LONDON GB",-21.0,343,,,
343,2015-05-18,POS,"'9285 15MAY15 , BERBER AND Q , LONDON GB",-22.5,344,,,
344,2015-05-18,POS,"'9285 15MAY15 C , TESCO STORES 5898 , BOW GB",-17.12,345,,,
345,2015-05-18,D/D,'B/CARD PLAT VISA,-1000.0,346,,,
346,2015-05-18,D/D,'OVO ENERGY,-106.0,347,,,
347,2015-05-19,POS,"'9285 18MAY15 , MONSTER SUPPLEMENT, HULL GB",-34.18,348,,,
348,2015-05-19,POS,"'9285 18MAY15 C , WRAP IT UP , LONDON GB",-6.45,349,,,
349,2015-05-19,POS,"'9285 18MAY15 , TESCO STORES 6440 , LONDON EN8 GB",-28.81,350,,,
350,2015-05-19,POS,"'9285 18MAY15 , TFL CYCLE HIRE , BOW ROAD STAT GB",-2.0,351,,,
351,2015-05-19,POS,"'9285 17MAY15 , WWW.JUST EAT.CO.UK, 0208 7362006 GB",-28.45,352,,,
352,2015-05-20,POS,"'9285 18MAY15 , MIT ALUMNI , ASSOCIATION , CAMBRIDGE US , USD 50.00, VRATE 1.5446, FGN PUR FEE 1.00",-33.37,353,,,
353,2015-05-20,POS,"'9285 19MAY15 C , SUSHI HIROBA , 0207 4301888 GB",-16.0,354,,,
354,2015-05-21,POS,"'9285 20MAY15 , TRAINLINE.COM , 03332 022 222 LU",-269.9,355,,,
355,2015-05-21,POS,"'9285 20MAY15 C , LEON RESTAURANTS , LONDON GB",-6.8,356,,,
356,2015-05-21,POS,"'9285 20MAY15 , STICKYWINGS , LONDON E1 GB",-23.87,357,,,
357,2015-05-21,POS,"'9285 19MAY15 , TFL CYCLE HIRE , USAGE CHARGE GB",-2.0,358,,,
358,2015-05-21,POS,"'9285 20MAY15 C , ROBERT DYAS HOLDNG, LTD , 01372361444 GB",-12.76,359,,,
359,2015-05-22,POS,"'9285 21MAY15 , BYRON HAMBURGERS L, HIGH HOLBORN GB",-14.3,360,,,
360,2015-05-22,POS,"'9285 21MAY15 C , EAT , LONDON GB",-5.84,361,,,
361,2015-05-22,POS,"'9285 21MAY15 , LUL TICKET MACHINE, HOLBORN GB",-123.3,362,,,
362,2015-05-22,C/L,'NATWEST 21MAY,-30.0,363,,,
363,2015-05-26,POS,"'9285 22MAY15 C , CO-OP GROUP PETROL, BOW ROAD GB",-2.9,364,,,
364,2015-05-26,POS,"'9285 23MAY15 , GOOGLE *MICLOS , STUDIO , GOOGLE.COM/CH GB",-2.99,365,,,
365,2015-05-26,POS,"'9285 22MAY15 , TOWER HAMLETS BC , LONDON GB",-98.0,366,,,
366,2015-05-26,POS,"'9285 22MAY15 , 447581427540 , FEE GB",-15.0,367,,,
367,2015-05-26,POS,"'9285 23MAY15 , G AND V ROYAL MILE , HOTEL , EDINBURGH GB",-20.0,368,,,
368,2015-05-26,POS,"'9285 24MAY15 , BEEHIVE INN , EDINBURGH GB",-12.64,369,,,
369,2015-05-26,POS,"'9285 23MAY15 C , BENITO'S HAT , LONDON GB",-12.75,370,,,
370,2015-05-26,POS,"'9285 23MAY15 , HOWIES RESTAURANTS, EDINBURGH GB",-73.54,371,,,
371,2015-05-26,POS,"'9285 24MAY15 , THE FIDDLERS ARMS , EDINBURGH EH1 GB",-39.35,372,,,
372,2015-05-26,C/L,'BMACH 22MAY,-20.0,373,,,
373,2015-05-26,C/L,'CASHLINE 24MAY,-20.0,374,,,
374,2015-05-27,POS,"'9285 26MAY15 , MEZE BBQ LTD , LONDON GB",-34.0,375,,,
375,2015-05-27,POS,"'9285 26MAY15 , KRISPY KREME , HOLBORN , LONDON GB",-8.95,376,,,
376,2015-05-27,POS,"'9285 26MAY15 , WASABI 116 HIGH , HOLBOR , LONDON GB",-6.58,377,,,
377,2015-05-27,D/D,'PNET2674351-1,-18.45,378,,,
378,2015-05-28,POS,"'9285 27MAY15 C , SUPERDRUG STORES , PLC , HOLBORN GB",-11.15,379,,,
379,2015-05-28,POS,"'9285 27MAY15 , WASABI 116 HIGH , HOLBOR , LONDON GB",-7.65,380,,,
380,2015-05-29,POS,"'9285 28MAY15 C , CLERK AND WELL , LONDON W9 GB",-8.95,381,,,
381,2015-05-29,POS,"'9285 28MAY15 , WASABI 116 HIGH , HOLBOR , LONDON GB",-8.83,382,,,
382,2015-01-06,POS,"'9285 29MAY15 , TRAINLINE.COM , 03332 022 222 LU",-53.5,383,,,
383,2015-01-06,POS,"'9285 30MAY15 , UBER BV , HELP.UBER.COM NL",-12.55,384,,,
384,2015-01-06,POS,"'9285 30MAY15 , AMAZON UK RETAIL , AMAZON.CO.UK LU",-13.0,385,,,
385,2015-01-06,POS,"'9285 29MAY15 , STICKYWINGS , LONDON E1 GB",-20.48,386,,,
386,2015-01-06,POS,"'9285 31MAY15 , TESCO STORES 6440 , LONDON EN8 GB",-44.19,387,,,
387,2015-01-06,POS,"'9285 31MAY15 , SAINSBURYS S/MKTS , LONDON 460 GB",-27.71,388,,,
388,2015-01-06,POS,"'9285 30MAY15 C , MCDONALDS , BOURNEMOUTH GB",-3.29,389,,,
389,2015-01-06,POS,"'9285 30MAY15 , ASDA SUPERSTORE , 4159 , BOURNEMOUTH GB , CASH BACK 20.00",-29.2,390,,,
390,2015-01-06,D/D,'SOAS,-3.0,391,,,
391,2015-02-06,POS,"'9285 01JUN15 , DUCK AND RICE , LONDON GB",-23.45,392,,,
392,2015-02-06,POS,"'9285 01JUN15 C , DUCK AND RICE , LONDON GB",-10.6,393,,,
393,2015-03-06,BAC,"'CONTRACTOR UMBRELL, CONTRACTOR UMBRELL, FP 03/06/15 0243 , 26023222841544000N, CONTRACTOR UMBRELL, A",1244.52,394,,,
394,2015-03-06,POS,"'9285 02JUN15 , AMAZON UK RETAIL , AMAZON.CO.UK LU , REFUND",0.01,395,,,
395,2015-03-06,POS,"'9285 02JUN15 , WASABI 116 HIGH , HOLBOR , LONDON GB",-7.15,396,,,
396,2015-03-06,POS,"'9285 02JUN15 C , CO-OP GROUP 600322, STEPNEY GB",-3.52,397,,,
397,2015-04-06,DPC,"'CALL REF.NO. 0000 , FROM A/C 11495821",2000.0,398,,,
398,2015-04-06,CHG,'19MAY A/C 10651269,-12.95,399,,,
399,2015-04-06,POS,"'9285 03JUN15 C , EAT , LONDON GB",-5.85,400,,,
400,2015-04-06,POS,"'9285 03JUN15 C , CO-OP GROUP FOOD , 108986 GB",-3.0,401,,,
401,2015-05-06,DPC,"'CALL REF.NO. 0000 , SPICERHAART , FP 05/06/15 10 , 30102438734682000R",-1300.0,402,,,
402,2015-05-06,POS,"'9285 04JUN15 , SAINSBURYS S/MKTS , BETHNAL GREEN GB",-1.0,403,,,
403,2015-05-06,POS,"'9285 04JUN15 C , WASABI 116 HIGH , HOLBOR , LONDON GB",-5.45,404,,,
404,2015-05-06,D/D,'VIRGIN MOBILE,-25.2,405,,,
405,2015-08-06,DPC,"'CALL REF.NO. 0000 , FROM A/C 11495821",2000.0,406,,,
406,2015-08-06,POS,"'9285 05JUN15 , TRAINLINE.COM , 03332 022 222 LU",-62.0,407,,,
407,2015-08-06,POS,"'9285 05JUN15 , EGYPTAIR , HELIOPOLIS EG",-673.56,408,,,
408,2015-08-06,POS,"'9285 04JUN15 C , ST BRIDES TAVERN , LONDON GB",-9.9,409,,,
409,2015-08-06,POS,"'9285 05JUN15 , EASYJET , 000EP7N2VD , LUTON, BEDS GB",-185.98,410,,,
410,2015-08-06,POS,"'9285 04JUN15 C , SUBWAY , LONDON GB",-13.06,411,,,
411,2015-08-06,POS,"'9285 06JUN15 C , M AND S SIMPLY FOOD - , SSP , ST PANCRAS ST GB",-10.5,412,,,
412,2015-08-06,POS,"'9285 05JUN15 , THAI ROOM , LONDON GB",-25.1,413,,,
413,2015-08-06,POS,"'9285 07JUN15 , SPOTIFYUK , LONDON GB",-9.99,414,,,
414,2015-08-06,POS,"'9285 05JUN15 C , FIORI EXPRESS , LONDON GB",-3.5,415,,,
415,2015-08-06,POS,"'9285 05JUN15 , WASABI 116 HIGH , HOLBOR , LONDON GB",-5.45,416,,,
416,2015-08-06,POS,"'9285 06JUN15 , BARCLAYCARD , BILL PAYMENT GB",-1745.74,417,,,
417,2015-08-06,POS,"'9285 04JUN15 C , ST BRIDES TAVERN , LONDON GB",-9.9,418,,,
418,2015-09-06,POS,"'9285 08JUN15 C , WASABI 116 HIGH , HOLBOR , LONDON GB",-5.45,419,,,
419,2015-09-06,D/D,'UNICEF UK,-4.0,420,,,
420,2015-10-06,POS,"'9285 09JUN15 , SAINSBURYS S/MKTS , BETHNAL GREEN GB",-3.0,421,,,
421,2015-10-06,POS,"'9285 09JUN15 C , WASABI 116 HIGH , HOLBOR , LONDON GB",-10.4,422,,,
422,2015-10-06,POS,"'9285 08JUN15 C , HIBA EXPRESS , LONDON GB",-4.25,423,,,
423,2015-12-06,POS,"'9285 11JUN15 , GIVEWELL , 6462332035 US , USD 5.00, VRATE 1.5432, FGN PUR FEE 1.00",-4.24,424,,,
424,2015-12-06,POS,"'9285 10JUN15 , PORTLAND FOOD AND , WINE , LONDON GB",-9.47,425,,,
425,2015-12-06,POS,"'9285 11JUN15 , J SAINSBURYS LTD , LONDON GB",-6.9,426,,,
426,2015-12-06,POS,"'9285 11JUN15 C , CO-OP GROUP PETROL, BOW ROAD GB",-4.87,427,,,
427,2015-12-06,POS,"'9285 11JUN15 C , SNOWFLAKE , LONDON GB",-7.4,428,,,
428,2015-12-06,POS,"'9285 11JUN15 C , CHA CHA MOON , LONDON GB",-16.5,429,,,
429,2015-12-06,POS,"'9285 11JUN15 , GIFFGAFF.COM , ONLINE STORE GB",-15.0,430,,,
430,2015-06-15,BAC,"'MR A K ABAZA , FP 15/06/15 0950 , 000000000061390713",60.0,431,,,
431,2015-06-15,DPC,"'CALL REF.NO. 0000 , DAD , FP 14/06/15 10 , 31150000799922000R",-100.0,432,,,
432,2015-06-15,POS,"'9285 12JUN15 , BLK*RAINFOREST , TRUST , 8004564930 US , USD 5.00, VRATE 1.5479, FGN PUR FEE 1.00",-4.23,433,,,
433,2015-06-15,POS,"'9285 14JUN15 C , MILE END STADIUM , LONDON E14 GB",-4.9,434,,,
434,2015-06-15,POS,"'9285 12JUN15 , WEST ONE NEWS , LONDON GB",-9.68,435,,,
435,2015-06-15,POS,"'9285 13JUN15 , IPLAY 'N' TALK , LONDON GB",-15.0,436,,,
436,2015-06-15,POS,"'9285 13JUN15 , GAP 9134 , LONDON GB",-141.79,437,,,
437,2015-06-15,POS,"'9285 14JUN15 C , PRET A MANGER , 556 OXFORD ST GB",-2.59,438,,,
438,2015-06-16,POS,"'9285 15JUN15 , AMAZON SVCS , EUROPE,SAR , AMAZON.CO.UK LU",-168.66,439,,,
439,2015-06-16,POS,"'9285 15JUN15 , AMAZON SVCS , EUROPE,SAR , AMAZON.CO.UK LU",-18.99,440,,,
440,2015-06-16,POS,"'9285 15JUN15 C , TAXI FARE BY , VERIFONE , 03336661000 GB",-7.92,441,,,
441,2015-06-16,POS,"'9285 15JUN15 , WASABI 116 HIGH , HOLBOR , LONDON GB",-4.95,442,,,
442,2015-06-17,POS,"'9285 16JUN15 C , WAITROSE 601 , HIGH HOLBORN GB",-11.57,443,,,
443,2015-06-17,POS,"'9285 16JUN15 C , CO-OP GROUP PETROL, BOW ROAD GB",-8.23,444,,,
444,2015-06-18,POS,"'9285 17JUN15 C , CHILANGO'S , LONDON GB",-5.99,445,,,
445,2015-06-18,POS,"'9285 17JUN15 , SAINSBURYS S/MKTS , BETHNAL GREEN GB",-1.3,446,,,
446,2015-06-18,POS,"'9285 16JUN15 , WWW.SOAS.AC.UK , LONDON GB",-50.0,447,,,
447,2015-06-18,C/L,'SAINSBURYS 18JUN,-20.0,448,,,
448,2015-06-19,POS,"'9285 18JUN15 C , CO-OP GROUP PETROL, BOW ROAD GB",-7.37,449,,,
449,2015-06-19,POS,"'9285 18JUN15 , J SAINSBURYS LTD , LONDON GB",-4.5,450,,,
450,2015-06-19,D/D,'OVO ENERGY,-106.0,451,,,
451,2015-06-22,POS,"'9285 19JUN15 , LUL TICKET MACHINE, BOW ROAD GB",-123.3,452,,,
452,2015-06-22,POS,"'9285 20JUN15 C , MAYOR , 02089 812676 GB",-12.79,453,,,
453,2015-06-22,POS,"'9285 19JUN15 C , CO-OP GROUP PETROL, BOW ROAD GB",-14.01,454,,,
454,2015-06-22,POS,"'9285 21JUN15 C , CHILANGO'S , LONDON GB",-5.99,455,,,
455,2015-06-22,POS,"'9285 20JUN15 C , CO-OP GROUP PETROL, BOW ROAD GB",-12.54,456,,,
456,2015-06-22,POS,"'9285 21JUN15 , GOURMET BURGER KIT, WESTFIELD STR GB",-22.35,457,,,
457,2015-06-22,POS,"'9285 21JUN15 C , HOTEL CHOCOLAT , LONDON GB",-9.45,458,,,
458,2015-06-22,POS,"'9285 21JUN15 , ARGOS , E20 1EJ GB",-5.99,459,,,
459,2015-06-22,C/L,'BARCLAYS BNK 20JUN,-10.0,460,,,
460,2015-06-23,BAC,"'CONTRACTOR UMBRELL, CONTRACTOR UMBRELL, FP 23/06/15 0245 , 26023257527749000N, CONTRACTOR UMBRELL, A",1002.33,461,,,
461,2015-06-24,POS,"'9285 23JUN15 , ARIANA , LONDON GB",-29.0,462,,,
462,2015-06-24,POS,"'9285 23JUN15 , HIBA EXPRESS , LONDON GB",-24.5,463,,,
463,2015-06-25,POS,"'9285 24JUN15 , TOWER HAMLETS BC , LONDON GB",-98.0,464,,,
464,2015-06-26,D/D,'PNET2674351-1,-18.45,465,,,
465,2015-06-29,POS,"'9285 27JUN15 , THE TRAINLINE.CO , 03332 022 222 LU",-19.4,466,,,
466,2015-06-29,C/L,'LINK 27JUN,-300.0,467,,,
467,2015-06-30,BAC,"'CONTRACTOR UMBRELL, CONTRACTOR UMBRELL, FP 30/06/15 0302 , 16023419958725000N, CONTRACTOR UMBRELL, A",1620.47,468,,,
468,2015-06-30,POS,"'9285 29JUN15 , GIFFGAFF.COM , ONLINE STORE GB",-15.0,469,,,
469,2015-01-07,D/D,'SOAS,-3.0,470,,,
470,2015-06-07,BAC,"'ABAZA KHALED , KHALED-RBS , FP 04/07/15 1152 , FP15185O11799280",100.0,471,,,
471,2015-06-07,INT,'21JUN A/C 10651269,-0.34,472,,,
472,2015-06-07,CHG,'19JUN A/C 10651269,-12.95,473,,,
473,2015-06-07,POS,"'9285 03JUL15 , THE TRAINLINE.CO , 03332 022 222 LU",-121.0,474,,,
474,2015-07-07,BAC,"'CONTRACTOR UMBRELL, CONTRACTOR UMBRELL, FP 07/07/15 0244 , 21023245847501000N, CONTRACTOR UMBRELL, A",587.99,475,,,
475,2015-07-07,POS,"'9285 06JUL15 , GOOGLE *COMMERCE , LTD , GOOGLE.COM/CH GB",-9.99,476,,,
476,2015-08-07,D/D,'UNICEF UK,-4.0,477,,,
477,2015-09-07,C/L,'BANKOIRELAND 09JUL,-10.0,478,,,
478,2015-09-07,C/L,'NATWEST 09JUL,-10.0,479,,,
479,2015-07-13,POS,"'9285 11JUL15 , BB *RAINFOREST , TRUST , 8004564930 US , USD 5.00, VRATE 1.5432, FGN PUR FEE 1.00",-4.24,480,,,
480,2015-07-13,POS,"'9285 10JUL15 , THE TRAINLINE.CO , 03332 022 222 LU",-15.75,481,,,
481,2015-07-13,POS,"'9285 11JUL15 , GIVEWELL , 6462332035 US , USD 5.00, VRATE 1.5432, FGN PUR FEE 1.00",-4.24,482,,,
482,2015-07-13,POS,"'9285 12JUL15 C , MCDONALDS , LONDON GB",-11.57,483,,,
483,2015-07-13,POS,"'9285 11JUL15 C , GIARDINO 14 MILTON, MILTON KEYNES GB",-8.77,484,,,
484,2015-07-13,POS,"'9285 11JUL15 C , MICASA , EUSTON STATIO GB",-8.99,485,,,
485,2015-07-13,POS,"'9285 11JUL15 , GIFFGAFF.COM , ONLINE STORE GB",-15.0,486,,,
486,2015-07-13,POS,"'9285 11JUL15 C , WH SMITH , EUSTON GB",-2.84,487,,,
487,2015-07-13,POS,"'9285 12JUL15 C , TAXI FARE BY , VERIFONE , 03336661000 GB",-8.8,488,,,
488,2015-07-13,POS,"'9285 12JUL15 , 447581427540 , FEE GB",-15.0,489,,,
489,2015-07-13,POS,"'9285 11JUL15 , LIVE NATION , (MUSIC) LT , LONDON GB",-25.0,490,,,
490,2015-07-13,C/L,'BMACH 10JUL,-50.0,491,,,
491,2015-07-13,D/D,'B/CARD PLAT VISA,-5.9,492,,,
492,2015-07-14,POS,"'9285 13JUL15 , AMAZON SVCS , EUROPE,SAR , AMAZON.CO.UK LU",-58.93,493,,,
493,2015-07-14,POS,"'9285 13JUL15 , AMAZON SVCS , EUROPE,SAR , AMAZON.CO.UK LU",-23.94,494,,,
494,2015-07-15,POS,"'9285 14JUL15 , AMAZON SVCS , EUROPE,SAR , AMAZON.CO.UK LU , REFUND",23.94,495,,,
495,2015-07-15,D/D,"'OXFAM DD , INITIAL PAYMENT",-3.0,496,,,
496,2015-07-16,C/L,'NATWEST 15JUL,-30.0,497,,,
497,2015-07-20,D/D,"'LBTH COUNCIL TAX , INITIAL PAYMENT",-98.0,498,,,
498,2015-07-20,D/D,'OVO ENERGY,-106.0,499,,,
499,2015-07-21,DPC,"'CALL REF.NO. 0000 , ALI , FP 21/07/15 10 , 40103339427959000R",-50.0,500,,,
500,2015-07-24,D/D,'PNET2674351-1,-18.45,501,,,
501,2015-07-29,BAC,"'CONTRACTOR UMBRELL, CONTRACTOR UMBRELL, FP 29/07/15 0248 , 36023323296213000N, CONTRACTOR UMBRELL, A",1233.2,502,,,
502,2015-07-30,D/D,"'HALIFAX , INITIAL PAYMENT",-5.0,503,,,
503,2015-03-08,BAC,"'O.BRIEN ME , AMAAAAAAAZON , FP 03/08/15 1058 , 18105811140448000N, O.BRIEN ME , AMAAAAAAAZON",18.0,504,,,
504,2015-03-08,CHG,'17JUL A/C 10651269,-12.95,505,,,
505,2015-03-08,POS,"'9285 02AUG15 , DELIVERANCE , LIMITED , LONDON GB",-29.8,506,,,
506,2015-03-08,D/D,'SOAS,-3.0,507,,,
507,2015-04-08,DPC,"'CALL REF.NO. 2009 , SPICERHAART , FP 04/08/15 10 , 51095424106583000R",-1300.0,508,,,
508,2015-04-08,C/L,'NATWEST 03AUG,-30.0,509,,,
509,2015-05-08,BAC,"'CONTRACTOR UMBRELL, CONTRACTOR UMBRELL, FP 05/08/15 0245 , 14023248262443000N, CONTRACTOR UMBRELL, A",1156.4,510,,,
510,2015-05-08,POS,"'9285 04AUG15 , MONSTER SUPPLEMENT, HULL GB",-68.36,511,,,
511,2015-05-08,POS,"'9285 04AUG15 , FUNDING CIRCLE , LONDON GB",-1000.0,512,,,
512,2015-05-08,C/L,'BMACH 04AUG,-30.0,513,,,
513,2015-05-08,D/D,'VIRGIN MOBILE,-133.62,514,,,
514,2015-07-08,POS,"'9285 06AUG15 , AMAZON UK , MARKETPLACE , 800-279-6620 LU",-95.26,515,,,
515,2015-07-08,POS,"'9285 06AUG15 , GOOGLE *COMMERCE , LTD , GOOGLE.COM/CH GB",-9.99,516,,,
516,2015-10-08,POS,"'9285 09AUG15 , TFL CYCLE HIRE , BOW ROAD STAT GB",-2.0,517,,,
517,2015-10-08,POS,"'9285 07AUG15 , THREE (ONLINE) , WWW.THREE.CO. GB",-0.1,518,,,
518,2015-10-08,POS,"'9285 10AUG15 , MUBI , LONDON GB",-4.99,519,,,
519,2015-10-08,C/L,'NATWEST 08AUG,-20.0,520,,,
520,2015-10-08,D/D,'UNICEF UK,-4.0,521,,,
521,2015-11-08,BAC,"'CONTRACTOR UMBRELL, CONTRACTOR UMBRELL, FP 11/08/15 0240 , 54023230945479000N, CONTRACTOR UMBRELL, A",587.99,522,,,
522,2015-11-08,POS,"'9285 10AUG15 , DELIVERANCE , LIMITED , LONDON GB",-31.4,523,,,
523,2015-12-08,POS,"'9285 11AUG15 , GIVEWELL , 6462332035 US , USD 5.00, VRATE 1.5527, FGN PUR FEE 1.00",-4.22,524,,,
524,2015-12-08,POS,"'9285 11AUG15 , UDEMY INC. , +14156025987 IE",-15.0,525,,,
525,2015-12-08,POS,"'9285 11AUG15 , BB *RAINFOREST , TRUST , 8004564930 US , USD 5.00, VRATE 1.5527, FGN PUR FEE 1.00",-4.22,526,,,
526,2015-12-08,POS,"'9285 11AUG15 , 447525053574 , FEE GB",-30.0,527,,,
527,2015-08-17,POS,"'9285 14AUG15 , VUE BLS LIMITED , STRATFORD GB",-25.48,528,,,
528,2015-08-17,C/L,'BANKOIRELAND 15AUG,-10.0,529,,,
529,2015-08-17,D/D,'OXFAM DD,-3.0,530,,,
530,2015-08-18,POS,"'9285 17AUG15 , EASYJET , 000EPHWVC9 , LUTON, BEDS GB",-798.96,531,,,
531,2015-08-18,C/L,"'INFOCASH 18AUG, CHARGE 1.65, CARD ISSUE NO. 2",-21.65,532,,,
532,2015-08-18,D/D,'OVO ENERGY,-106.0,533,,,
533,2015-08-20,D/D,'LBTH COUNCIL TAX,-98.0,534,,,
534,2015-08-21,POS,"'9285 18AUG15 , DELIVEROO.CO.UK , 02033223444 GB",-27.0,535,,,
535,2015-08-21,C/L,'NATWEST 20AUG,-20.0,536,,,
536,2015-08-24,POS,"'9285 21AUG15 , AMAZON DIGITAL , DWNLDS , 866-321-8851 LU",-1.99,537,,,
537,2015-08-24,POS,"'9285 23AUG15 , DELIVERANCE , LIMITED , LONDON GB",-17.2,538,,,
538,2015-08-26,POS,"'9285 25AUG15 , UDACITY, INC. , 8778877815 US , USD 200.00, VRATE 1.5724, FGN PUR FEE 3.50",-130.69,539,,,
539,2015-08-26,POS,"'9285 25AUG15 , MONSTER SUPPLEMENT, HULL GB",-63.32,540,,,
540,2015-08-26,D/D,'PNET2674351-1,-18.45,541,,,
541,2015-08-27,BAC,"'CONTRACTOR UMBRELL, CONTRACTOR UMBRELL, FP 27/08/15 0249 , 58023343774999000N, CONTRACTOR UMBRELL, A",626.39,542,,,
542,2015-08-27,POS,"'9285 26AUG15 , DELIVERANCE , LIMITED , LONDON GB",-23.0,543,,,
543,2015-08-28,POS,"'9285 27AUG15 C , ITSU LTD , LNDN EC2A 010 GB",-8.28,544,,,
544,2015-08-28,D/D,'HALIFAX,-8.18,545,,,
545,2015-01-09,POS,"'9285 28AUG15 C , BOOTS 1137 , GATWICK AIRPO GB",-7.75,546,,,
546,2015-01-09,POS,"'9285 28AUG15 C , BOOTS 2000 , GATWICK AIRPO GB",-3.38,547,,,
547,2015-01-09,POS,"'9285 28AUG15 C , LONDON AND SOUTH EAS, LONDON SE1 GB",-9.4,548,,,
548,2015-01-09,POS,"'9285 28AUG15 C , PRET A MANGER , GATWICK SOUTH GB",-8.27,549,,,
549,2015-01-09,POS,"'9285 28AUG15 C , BOOTS 2000 , GATWICK AIRPO GB",-2.49,550,,,
550,2015-01-09,D/D,'SOAS,-3.0,551,,,
551,2015-01-09,D/D,"'H3G , INITIAL PAYMENT",-23.19,552,,,
552,2015-02-09,BAC,"'CONTRACTOR UMBRELL, CONTRACTOR UMBRELL, FP 02/09/15 0244 , 02023317696217000N, CONTRACTOR UMBRELL, A",587.79,553,,,
553,2015-02-09,POS,"'9285 01SEP15 C , CO-OP GROUP PETROL, BOW ROAD GB",-13.07,554,,,
554,2015-02-09,POS,"'9285 01SEP15 , MAYOR , 02089 812676 GB",-8.2,555,,,
555,2015-03-09,POS,"'9285 02SEP15 C , ITSU LTD , LNDN EC2A 010 GB",-3.99,556,,,
556,2015-04-09,CHG,'19AUG A/C 10651269,-13.78,557,,,
557,2015-04-09,POS,"'9285 03SEP15 , GOOGLE , *SVCSAPPS_MOTIO , 303-245-0086 IE",-8.0,558,,,
558,2015-04-09,POS,"'9285 03SEP15 , CO-OP GROUP PETROL, BOW ROAD GB",-25.48,559,,,
559,2015-04-09,POS,"'9285 03SEP15 C , WASABI FINSBURY , PAVEME , LONDON GB",-5.45,560,,,
560,2015-07-09,POS,"'9285 05SEP15 , 447935858985 , FEE GB",-70.0,561,,,
561,2015-07-09,POS,"'9285 04SEP15 , THE RIVERFRONT , LONDON GB",-12.9,562,,,
562,2015-07-09,POS,"'9285 06SEP15 C , CO-OP GROUP PETROL, BOW ROAD GB",-3.59,563,,,
563,2015-07-09,POS,"'9285 04SEP15 C , THE RIVERFRONT , LONDON GB",-6.15,564,,,
564,2015-07-09,POS,"'9285 06SEP15 , GOOGLE *COMMERCE , LTD , GOOGLE.COM/CH GB",-9.99,565,,,
565,2015-07-09,POS,"'9285 06SEP15 , TFL CYCLE HIRE , SHOREDITCH HI GB",-2.0,566,,,
566,2015-07-09,POS,"'9285 06SEP15 C , CO-OP GROUP PETROL, BOW ROAD GB",-7.99,567,,,
567,2015-07-09,POS,"'9285 06SEP15 , DELIVERANCE , LIMITED , LONDON GB",-23.0,568,,,
568,2015-07-09,POS,"'9285 05SEP15 , JUNO , LONDON GB",-13.0,569,,,
569,2015-07-09,POS,"'9285 05SEP15 , JUNO , LONDON GB",-13.5,570,,,
570,2015-07-09,POS,"'9285 05SEP15 , JUNO , LONDON GB",-16.9,571,,,
571,2015-07-09,POS,"'9285 05SEP15 , JUNO , LONDON GB",-8.5,572,,,
572,2015-07-09,POS,"'9285 06SEP15 , JUNO , LONDON GB",-9.0,573,,,
573,2015-07-09,POS,"'9285 06SEP15 , JUNO , LONDON GB",-28.0,574,,,
574,2015-08-09,DPC,"'CALL REF.NO. 2067 , SPICERHAART , FP 08/09/15 10 , 63165819002347000R",-1300.0,575,,,
575,2015-08-09,POS,"'9285 07SEP15 , MAPLIN LIVERPL ST , EC2M , LONDON GB",-39.98,576,,,
576,2015-08-09,POS,"'9285 07SEP15 C , WASABI FINSBURY , PAVEME , LONDON GB",-5.45,577,,,
577,2015-08-09,D/D,'UNICEF UK,-4.0,578,,,
578,2015-09-09,BAC,"'CONTRACTOR UMBRELL, CONTRACTOR UMBRELL, FP 09/09/15 0241 , 57023233237084000N, CONTRACTOR UMBRELL, A",587.99,579,,,
579,2015-09-09,POS,"'9285 08SEP15 , LLOYDS PHARMACY , WHITECHAPEL GB",-16.4,580,,,
580,2015-09-09,POS,"'9285 09SEP15 , MUBI , LONDON GB",-4.99,581,,,
581,2015-09-09,POS,"'9285 08SEP15 C , SUBWAY , 6 CITY ROAD GB",-5.99,582,,,
582,2015-10-09,POS,"'9285 09SEP15 , CO-OP GROUP PETROL, BOW ROAD GB",-22.0,583,,,
583,2015-10-09,POS,"'9285 09SEP15 C , PIZZA BUZZ , 2B WORSHIP ST GB",-11.4,584,,,
584,2015-09-14,POS,"'9285 11SEP15 , GIVEWELL , 6462332035 US , USD 5.00, VRATE 1.5432, FGN PUR FEE 1.00",-4.24,585,,,
585,2015-09-14,POS,"'9285 11SEP15 , BB *RAINFOREST , TRUST , 8004564930 US , USD 5.00, VRATE 1.5432, FGN PUR FEE 1.00",-4.24,586,,,
586,2015-09-14,POS,"'9285 11SEP15 , TRAINLINE , 03332 022 222 LU",-61.5,587,,,
587,2015-09-14,POS,"'9285 12SEP15 C , M AND S SIMPLY FOOD - , SSP , ST PANCRAS ST GB",-8.5,588,,,
588,2015-09-14,POS,"'9285 12SEP15 C , W M MORRISONS , NOTTINGHAM GB",-5.0,589,,,
589,2015-09-14,POS,"'9285 12SEP15 , GOOGLE *MOBILE , GAME , GOOGLE.COM/CH GB",-0.76,590,,,
590,2015-09-15,D/D,'OXFAM DD,-3.0,591,,,
591,2015-09-16,BAC,"'CONTRACTOR UMBRELL, CONTRACTOR UMBRELL, FP 16/09/15 0241 , 14023206588550000N, CONTRACTOR UMBRELL, A",587.79,592,,,
592,2015-09-17,DPC,"'CALL REF.NO. 0000 , DAD , FP 17/09/15 10 , 40162648229143000R",-115.0,593,,,
593,2015-09-17,POS,"'9285 16SEP15 C , WASABI FINSBURY , PAVEME , LONDON GB",-5.45,594,,,
594,2015-09-18,D/D,'OVO ENERGY,-63.0,595,,,
595,2015-09-21,POS,"'9285 20SEP15 C , TESCO STORES 6611 , WALTHAMSTOW GB",-7.05,596,,,
596,2015-09-21,POS,"'9285 19SEP15 C , FOOD SALE EXPRESS , LONDON GB",-14.98,597,,,
597,2015-09-21,C/L,'BMACH 20SEP,-20.0,598,,,
598,2015-09-21,D/D,'LBTH COUNCIL TAX,-98.0,599,,,
599,2015-09-22,POS,"'9285 21SEP15 , 447581427540 , FEE GB",-19.8,600,,,
600,2015-09-22,POS,"'9285 21SEP15 C , EAT LTD , MOORGATE GB",-6.78,601,,,
601,2015-09-23,POS,"'9285 22SEP15 C , SUBWAY , 6 CITY ROAD GB",-5.99,602,,,
602,2015-09-23,POS,"'9285 21SEP15 , WWW.JUST EAT.CO.UK, 0208 7362006 GB",-22.55,603,,,
603,2015-09-24,POS,"'9285 23SEP15 C , POD , LONDON GB",-4.99,604,,,
604,2015-09-24,POS,"'9285 23SEP15 , RYMAN 1081 , LONDON GB",-38.95,605,,,
605,2015-09-25,BAC,"'O.BRIEN ME , AMAAAAAAAZON , FP 25/09/15 1349 , 22134947108231000N, O.BRIEN ME , AMAAAAAAAZON",12.0,606,,,
606,2015-09-25,POS,"'9285 24SEP15 , THREE-BILLPAY(IVR), WWW.THREE.CO. GB",-10.0,607,,,
607,2015-09-25,POS,"'9285 24SEP15 , DISHOOM , LONDON GB",-25.0,608,,,
608,2015-09-25,D/D,'PNET2674351-1,-19.49,609,,,
609,2015-09-28,POS,"'9285 25SEP15 , UDACITY, INC. , 8778877815 US , USD 200.00, VRATE 1.5157, FGN PUR FEE 3.63",-135.58,610,,,
610,2015-09-28,POS,"'9285 25SEP15 , LE TOKYO , 207797 , REIMS FR , EUR 27.00, VRATE 1.3520, FGN PUR FEE 1.00",-20.97,611,,,
611,2015-09-28,POS,"'9285 27SEP15 , QUICK , 247593 , REIMS0222 FR , EUR 21.40, VRATE 1.3518, FGN PUR FEE 1.00",-16.83,612,,,
612,2015-09-28,POS,"'9285 25SEP15 C , M AND S SIMPLY FOOD - , SSP , ST PANCRAS ST GB",-16.05,613,,,
613,2015-09-28,POS,"'9285 25SEP15 , TESCO STORES 6440 , LONDON EN8 GB",-53.33,614,,,
614,2015-09-28,D/D,'HALIFAX,-18.82,615,,,
615,2015-09-29,C/L,"'9285 26SEP15 , REIMS ERLON , REIMS FR , FGN CSH FEE 2.00",-33.31,616,,,
616,2015-09-29,POS,"'9285 27SEP15 , LE CHALAND , 75PARIS 10 FR , EUR 26.50, VRATE 1.3554, FGN PUR FEE 1.00",-20.55,617,,,
617,2015-09-29,POS,"'9285 27SEP15 , CHALET DU NORD , 75PARIS 10 FR , EUR 7.00, VRATE 1.3565, FGN PUR FEE 1.00",-6.16,618,,,
618,2015-09-29,POS,"'9285 28SEP15 C , CHILANGO'S , LONDON GB",-6.3,619,,,
619,2015-01-10,POS,"'9285 30SEP15 C , CO-OP GROUP PETROL, BOW ROAD GB",-10.69,620,,,
620,2015-01-10,POS,"'9285 30SEP15 , DSA , NOTTINGHAM GB",-62.0,621,,,
621,2015-01-10,D/D,'SOAS,-3.0,622,,,
622,2015-01-10,D/D,'H3G,-35.23,623,,,
623,2015-02-10,POS,"'9285 01OCT15 C , SUBWAY , 6 CITY ROAD GB",-5.99,624,,,
624,2015-05-10,CHG,'18SEP A/C 10651269,-12.95,625,,,
625,2015-05-10,POS,"'9285 03OCT15 , GOOGLE , *SVCSAPPS_MOTIO , 303-245-0086 IE",-0.77,626,,,
626,2015-05-10,POS,"'9285 02OCT15 C , TORTILLA WESTFIELD, STR , LONDON GB",-8.2,627,,,
627,2015-05-10,D/D,'VIRGIN MOBILE,-17.65,628,,,
628,2015-06-10,POS,"'9285 05OCT15 , EE AND T-MOBILE , T MOBILE.CO.U GB",-5.0,629,,,
629,2015-06-10,POS,"'9285 05OCT15 C , THE FOX , 0207 729 5708 GB",-12.5,630,,,
630,2015-06-10,POS,"'9285 04OCT15 , CO-OP GROUP PETROL, BOW ROAD GB",-23.87,631,,,
631,2015-06-10,POS,"'9285 04OCT15 , DELIVERANCE , LIMITED , LONDON GB",-32.1,632,,,
632,2015-07-10,POS,"'9285 06OCT15 , GOOGLE *COMMERCE , LTD , GOOGLE.COM/CH GB",-9.99,633,,,
633,2015-07-10,POS,"'9285 06OCT15 C , WAITROSE 732 , BARBICAN GB",-2.0,634,,,
634,2015-07-10,POS,"'9285 06OCT15 , GODADDY COM EUROPE, 020 7979 2661 GB",-5.99,635,,,
635,2015-08-10,D/D,'UNICEF UK,-4.0,636,,,
636,2015-09-10,POS,"'9285 08OCT15 , DSA , NOTTINGHAM GB , REFUND",62.0,637,,,
637,2015-09-10,POS,"'9285 08OCT15 , AMAZON UK , MARKETPLACE , 800-279-6620 LU",-21.32,638,,,
638,2015-09-10,POS,"'9285 09OCT15 , MUBI , LONDON GB",-4.99,639,,,
639,2015-09-10,POS,"'9285 08OCT15 , DSA THEORY TEST , NOTTINGHAM GB",-23.0,640,,,
640,2015-12-10,POS,"'9285 11OCT15 , GIVEWELL , 6462332035 US , USD 5.00, VRATE 1.5243, FGN PUR FEE 1.00",-4.28,641,,,
641,2015-12-10,POS,"'9285 11OCT15 , BB *RAINFOREST , TRUST , 8004564930 US , USD 5.00, VRATE 1.5243, FGN PUR FEE 1.00",-4.28,642,,,
642,2015-12-10,POS,"'9285 09OCT15 , DELIVEROO.CO.UK , 02033223444 GB",-22.0,643,,,
643,2015-12-10,POS,"'9285 10OCT15 C , CORBORN CORNER , LONDON GB",-7.86,644,,,
644,2015-12-10,POS,"'9285 10OCT15 , FGW SELF SERVICE , PADDINGTON GB",-26.7,645,,,
645,2015-12-10,POS,"'9285 11OCT15 C , CO-OP GROUP PETROL, BOW ROAD GB",-1.79,646,,,
646,2015-12-10,POS,"'9285 11OCT15 , HARDEDGE READING , LIMIT , READING GB",-55.0,647,,,
647,2015-12-10,POS,"'9285 11OCT15 , OFFICE , READING 089 GB",-71.99,648,,,
648,2015-12-10,POS,"'9285 10OCT15 , ORIGINAL BUFFALO , GRILL , READING GB",-35.45,649,,,
649,2015-12-10,POS,"'9285 11OCT15 C , KFC READING , READING GB",-9.38,650,,,
650,2015-12-10,POS,"'9285 11OCT15 , HOUSE OF FRASER , READING GB",-130.05,651,,,
651,2015-12-10,POS,"'9285 11OCT15 , SCHUH 033 , READING GB",-60.0,652,,,
652,2015-10-13,BAC,"'ABAZA KHALED , KHALED-RBS , FP 13/10/15 1743 , FP15286O14355984",70.0,653,,,
653,2015-10-13,POS,"'9285 12OCT15 C , SUBWAY , 6 CITY ROAD GB",-5.99,654,,,
654,2015-10-14,POS,"'9285 13OCT15 C , BIERSCHENKE , LONDON GB",-19.91,655,,,
655,2015-10-15,POS,"'9285 14OCT15 C , CO-OP GROUP PETROL, BOW ROAD GB",-1.0,656,,,
656,2015-10-15,POS,"'9285 14OCT15 C , WASABI FINSBURY , PAVEME , LONDON GB",-6.95,657,,,
657,2015-10-15,POS,"'9285 14OCT15 , HOLLAND AND BARRETT , MOORGATE GB",-13.24,658,,,
658,2015-10-15,D/D,'OXFAM DD,-3.0,659,,,
659,2015-10-19,POS,"'9285 16OCT15 , DELIVERANCE , LIMITED , LONDON GB",-25.27,660,,,
660,2015-10-19,POS,"'9285 17OCT15 , JUSTGIVING.COM , ONLINE DONATI GB",-30.0,661,,,
661,2015-10-19,POS,"'9285 18OCT15 , DELIVERANCE , LIMITED , LONDON GB",-17.5,662,,,
662,2015-10-19,POS,"'9285 17OCT15 , SAINSBURY'S SMKT , BRIXTON ROAD GB",-15.85,663,,,
663,2015-10-19,POS,"'9285 16OCT15 , GODADDY COM EUROPE, 020 7979 2661 GB",-14.29,664,,,
664,2015-10-19,D/D,'OVO ENERGY,-63.0,665,,,
665,2015-10-20,POS,"'9285 19OCT15 C , CO-OP GROUP PETROL, BOW ROAD GB",-11.54,666,,,
666,2015-10-20,D/D,'LBTH COUNCIL TAX,-98.0,667,,,
667,2015-10-21,POS,"'9285 20OCT15 C , SACAT MARKS AND , SPENCER , LONDON GB",-6.85,668,,,
668,2015-10-21,POS,"'9285 20OCT15 C , CO-OP GROUP PETROL, BOW ROAD GB",-4.03,669,,,
669,2015-10-22,POS,"'9285 21OCT15 C , ITSU LTD , LNDN EC2A 010 GB",-8.48,670,,,
670,2015-10-23,POS,"'9285 22OCT15 , PIZZA BUZZ , 2B WORSHIP ST GB",-8.46,671,,,
671,2015-10-23,POS,"'9285 22OCT15 C , SUBWAY , CITY ROAD LON GB",-5.99,672,,,
672,2015-10-26,POS,"'9285 24OCT15 , AMAZON SVCS , EUROPE,SAR , AMAZON.CO.UK LU",-3.99,673,,,
673,2015-10-26,POS,"'9285 24OCT15 , AMAZON UK , MARKETPLACE , 800-279-6620 LU",-19.58,674,,,
674,2015-10-26,POS,"'9285 24OCT15 C , TFL.GOV.UK/CP , TFL TRAVEL CH GB",-1.5,675,,,
675,2015-10-26,POS,"'9285 24OCT15 C , TESCO STORES 6363 , BETHNAL GREEN GB",-1.5,676,,,
676,2015-10-26,POS,"'9285 25OCT15 C , CO-OP GROUP PETROL, BOW ROAD GB",-12.13,677,,,
677,2015-10-26,POS,"'9285 23OCT15 C , SUBWAY , CITY ROAD LON GB",-6.58,678,,,
678,2015-10-26,POS,"'9285 25OCT15 , KATHMANDU , SPITALFIELDS , LONDON GB",-32.99,679,,,
679,2015-10-26,POS,"'9285 24OCT15 C , CO-OP GROUP PETROL, BOW ROAD GB",-19.49,680,,,
680,2015-10-26,D/D,'PNET2674351-1,-19.49,681,,,
681,2015-10-27,DPC,"'CALL REF.NO. 0000 , FROM A/C 11495821",1000.0,682,,,
682,2015-10-27,POS,"'9285 26OCT15 , TRAINLINE , 03332 022 222 LU",-55.7,683,,,
683,2015-10-27,POS,"'9285 26OCT15 C , SUBWAY , CITY ROAD LON GB",-5.99,684,,,
684,2015-10-28,POS,"'9285 27OCT15 , AMAZON UK , MARKETPLACE , 800-279-6620 LU",-10.98,685,,,
685,2015-10-29,POS,"'9285 28OCT15 , UDACITY, INC. , 8778877815 US , USD 200.00, VRATE 1.5274, FGN PUR FEE 3.60",-134.54,686,,,
686,2015-10-29,POS,"'9285 28OCT15 , DELIVERANCE , LIMITED , LONDON GB",-23.0,687,,,
687,2015-10-29,D/D,'HALIFAX,-18.63,688,,,
688,2015-02-11,POS,"'9285 31OCT15 , TRAINLINE , 03332 022 222 LU",-42.5,689,,,
689,2015-02-11,POS,"'9285 31OCT15 C , WASABI LIVERPOOL , KIOSK , LONDON GB",-7.49,690,,,
690,2015-02-11,D/D,'SOAS,-3.0,691,,,
691,2015-02-11,D/D,'H3G,-38.86,692,,,
692,2015-03-11,POS,"'9285 02NOV15 , GOOGLE , *SVCSAPPS_MOTIO , 303-245-0086 IE",-3.3,693,,,
693,2015-03-11,POS,"'9285 02NOV15 , GOOGLE , *DEEPRIVERDEV , GOOGLE.COM/CH GB",-1.99,694,,,
694,2015-03-11,POS,"'9285 02NOV15 , HONEST BURGERS , MARKET , LONDON GB",-51.5,695,,,
695,2015-04-11,CHG,'19OCT A/C 10651269,-12.95,696,,,
696,2015-05-11,BAC,"'CONTRACTOR UMBRE L, NO REF , FP 05/11/15 1507 , MF000845B1F8A13600",478.14,697,,,
697,2015-09-11,POS,"'9285 06NOV15 C , M AND S SIMPLY FOOD - , SSP , M/BONE STN GB",-5.05,698,,,
698,2015-09-11,POS,"'9285 06NOV15 , GOOGLE *COMMERCE , LTD , GOOGLE.COM/CH GB",-9.99,699,,,
699,2015-09-11,POS,"'9285 08NOV15 , MUBI , LONDON GB",-4.99,700,,,
700,2015-09-11,POS,"'9285 06NOV15 C , M AND S SIMPLY FOOD - , SSP , M/BONE STN GB",-18.2,701,,,
701,2015-10-11,POS,"'9285 09NOV15 , HACHE BURGER , CONNOISSE , LONDON EC2A 3 GB",-55.69,702,,,
702,2015-10-11,D/D,'UNICEF UK,-4.0,703,,,
703,2015-12-11,POS,"'9285 11NOV15 , GIVEWELL , 6462332035 US , USD 5.00, VRATE 1.5105, FGN PUR FEE 1.00",-4.31,704,,,
704,2015-12-11,POS,"'9285 11NOV15 , BB *RAINFOREST , TRUST , 8004564930 US , USD 5.00, VRATE 1.5105, FGN PUR FEE 1.00",-4.31,705,,,
705,2015-11-16,POS,"'9285 15NOV15 , COSTCUTTER , LONDON E3 GB",-7.28,706,,,
706,2015-11-16,POS,"'9285 15NOV15 , SWEATSHOP , 08453325237 GB",-56.03,707,,,
707,2015-11-16,POS,"'9285 14NOV15 , DELIVERANCE , LIMITED , LONDON GB",-53.2,708,,,
708,2015-11-16,POS,"'9285 15NOV15 , MONSTER SUPPLEMENT, HULL GB",-159.87,709,,,
709,2015-11-16,POS,"'9285 15NOV15 C , CO-OP GROUP PETROL, BOW ROAD GB",-21.4,710,,,
710,2015-11-16,POS,"'9285 15NOV15 C , AS NATURE INTENDED, LTD , LONDON GB",-3.5,711,,,
711,2015-11-16,POS,"'9285 14NOV15 , CIRQUE , LONDON GB",-42.5,712,,,
712,2015-11-16,POS,"'9285 15NOV15 C , EAT , OSR GB",-3.59,713,,,
713,2015-11-16,POS,"'9285 15NOV15 , GODADDY COM EUROPE, 020 7979 2661 GB",-5.99,714,,,
714,2015-11-16,POS,"'9285 14NOV15 , ZIGFRID VON , UNDERBELLY , LONDON N1 6NU GB",-25.5,715,,,
715,2015-11-16,POS,"'9285 15NOV15 , ZIGFRID VON , UNDERBELLY , LONDON N1 6NU GB",-18.0,716,,,
716,2015-11-16,POS,"'9285 14NOV15 C , PECKOVER , TRADITIONAL B , LONDON E2 GB",-10.56,717,,,
717,2015-11-16,D/D,'OXFAM DD,-3.0,718,,,
718,2015-11-17,POS,"'9285 15NOV15 , THE SINGER TAVERN , LONDON GB",-28.13,719,,,
719,2015-11-18,D/D,'OVO ENERGY,-63.0,720,,,
720,2015-11-19,BAC,"'S YOUSIF , FP 18/11/15 2212 , 300000000172330855",636.65,721,,,
721,2015-11-19,BAC,"'CONTRACTOR UMBRE L, NO REF , FP 19/11/15 1406 , MF000345B20452C900",3726.24,722,,,
722,2015-11-20,POS,"'9285 18NOV15 , ROYAL JORDANIAN , ETKT , LONDON W6 0EA GB",-636.65,723,,,
723,2015-11-20,D/D,'LBTH COUNCIL TAX,-98.0,724,,,
724,2015-11-23,POS,"'9285 20NOV15 , CO-OP GROUP PETROL, BOW ROAD GB",-15.24,725,,,
725,2015-11-23,POS,"'9285 22NOV15 C , PRET A MANGER , ST PANCRAS IN GB",-6.6,726,,,
726,2015-11-23,POS,"'9285 22NOV15 C , PRET A MANGER , ST PANCRAS IN GB",-2.4,727,,,
727,2015-11-23,POS,"'9285 20NOV15 , PECKOVER , TRADITIONAL B , LONDON E2 GB",-47.63,728,,,
728,2015-11-23,POS,"'9285 22NOV15 , CAFFE NERO - 31 -E, EDGWARE ROAD GB",-8.4,729,,,
729,2015-11-24,BAC,"'CONTRACTOR UMBRE L, NO REF , FP 24/11/15 1259 , MF000645B207C89D00",586.48,730,,,
730,2015-11-24,POS,"'9285 23NOV15 , SAINSBURY'S S/MKT , WHITECHAPEL GB",-24.25,731,,,
731,2015-11-24,POS,"'9285 20NOV15 , STEAMGAMES.COM , 425-952-2985 GB",-24.99,732,,,
732,2015-11-24,POS,"'9285 23NOV15 C , SUBWAY , CITY ROAD LON GB",-6.49,733,,,
733,2015-11-25,POS,"'9285 24NOV15 , TRAFIK , LONDON GB",-30.5,734,,,
734,2015-11-26,POS,"'9285 25NOV15 , UDACITY, INC. , 8778877815 US , USD 200.00, VRATE 1.5051, FGN PUR FEE 3.65",-136.53,735,,,
735,2015-11-26,D/D,'PNET2674351-1,-19.49,736,,,
736,2015-11-27,POS,"'9285 26NOV15 , AMAZON DIGITAL , DWNLDS , 866-321-8851 LU",-2.99,737,,,
737,2015-11-27,POS,"'9285 25NOV15 , WAHACA GREAT , PORTLAND , LONDON GB",-65.25,738,,,
738,2015-11-30,BAC,"'ABAZA KHALED , KHALED-RBS , FP 29/11/15 2118 , FP15333O15032218",200.0,739,,,
739,2015-11-30,DPC,"'CALL REF.NO. 0000 , DAD , FP 28/11/15 10 , 36160736986629000R",-400.0,740,,,
740,2015-11-30,POS,"'9285 28NOV15 , TRAINLINE , 03332 022 222 LU",-60.5,741,,,
741,2015-11-30,POS,"'9285 29NOV15 , GOOGLE *BIG DADDYS, C , GOOGLE.COM/CH GB",-0.53,742,,,
742,2015-11-30,POS,"'9285 29NOV15 , PAN ASIA BBQ , NOTTINGHAM GB",-56.75,743,,,
743,2015-11-30,POS,"'9285 27NOV15 C , PRET A MANGER , 1 FINSBURY SQ GB",-14.78,744,,,
744,2015-11-30,D/D,'HALIFAX,-18.45,745,,,
745,2015-01-12,BAC,"'CONTRACTOR UMBRE L, NO REF , FP 01/12/15 1438 , MF00114BF20F24A100",586.68,746,,,
746,2015-01-12,POS,"'9285 30NOV15 , AMAZON UK , MARKETPLACE , 800-279-6620 LU",-28.33,747,,,
747,2015-01-12,POS,"'9285 30NOV15 , AMAZON UK , MARKETPLACE , 800-279-6620 LU",-1.25,748,,,
748,2015-01-12,POS,"'9285 30NOV15 C , TESCO STORE 2092 , BETHNAL GREEN GB",-11.82,749,,,
749,2015-01-12,POS,"'9285 30NOV15 C , SUBWAY , CITY ROAD LON GB",-5.99,750,,,
750,2015-01-12,D/D,'SOAS,-3.0,751,,,
751,2015-01-12,D/D,'H3G,-21.41,752,,,
752,2015-02-12,POS,"'9285 01DEC15 C , SUBWAY , CITY ROAD LON GB",-5.99,753,,,
753,2015-02-12,POS,"'9285 01DEC15 C , PIZZA BUZZ , 2B WORSHIP ST GB",-16.4,754,,,
754,2015-02-12,POS,"'9285 01DEC15 , WWW.JOHNLEWIS.COM , 03456 049 049 GB",-1079.0,755,,,
755,2015-03-12,POS,"'9285 30NOV15 , UDEMY INC. , +14156025987 IE",-8.0,756,,,
756,2015-03-12,POS,"'9285 30NOV15 , UDEMY INC. , +14156025987 IE",-8.0,757,,,
757,2015-03-12,POS,"'9285 02DEC15 C , SUBWAY , CITY ROAD LON GB",-7.48,758,,,
758,2015-03-12,POS,"'9285 02DEC15 C , CO-OP GROUP 600322, STEPNEY GB",-5.39,759,,,
759,2015-04-12,POS,"'9285 03DEC15 , AMAZON UK , MARKETPLACE , 800-279-6620 LU",-28.33,760,,,
760,2015-04-12,POS,"'9285 03DEC15 C , SUBWAY , CITY ROAD LON GB",-5.99,761,,,
761,2015-04-12,POS,"'9285 03DEC15 , CO-OP GROUP 600322, STEPNEY GB",-10.58,762,,,
762,2015-07-12,BAC,"'CONTRACTOR UMBRE L, NO REF , FP 07/12/15 1614 , MF00894BF214CB5800",1153.57,763,,,
763,2015-07-12,INT,'19NOV A/C 10651269,-1.81,764,,,
764,2015-07-12,CHG,'19NOV A/C 10651269,-12.95,765,,,
765,2015-07-12,DPC,"'CALL REF.NO. 2187 , SPICERHAART , FP 07/12/15 10 , 60123743439036000R",-1300.0,766,,,
766,2015-07-12,POS,"'9285 04DEC15 , GOOGLE , *SVCSAPPS_MOTIO , 303-245-0086 IE",-3.3,767,,,
767,2015-07-12,POS,"'9285 04DEC15 , SOUND , LONDON GB",-34.0,768,,,
768,2015-07-12,POS,"'9285 05DEC15 , JOHN LEWIS , STRATFORD GB",-25.0,769,,,
769,2015-07-12,POS,"'9285 05DEC15 C , SACAT MARKS AND , SPENCER , LONDON GB",-17.6,770,,,
770,2015-07-12,POS,"'9285 05DEC15 , CURRYS DIGITAL , STRATFORD GB",-109.99,771,,,
771,2015-07-12,POS,"'9285 05DEC15 C , M AND S SIMPLY FOOD - , SSP , VICTORIA2STN GB",-24.7,772,,,
772,2015-07-12,POS,"'9285 05DEC15 , DNH*GODADDY.COM , EUROPE , GODADDY.COM GB",-5.99,773,,,
773,2015-07-12,POS,"'9285 04DEC15 C , PIZZA BUZZ , 2B WORSHIP ST GB",-7.83,774,,,
774,2015-07-12,POS,"'9285 05DEC15 , TFL CYCLE HIRE , BRAHAM STREET GB",-4.0,775,,,
775,2015-07-12,POS,"'9285 06DEC15 , GOOGLE *COMMERCE , LTD , GOOGLE.COM/CH GB",-9.99,776,,,
776,2015-07-12,POS,"'9285 06DEC15 C , SIMPLY FRESH , LONDON GB",-20.24,777,,,
777,2015-08-12,POS,"'9285 08DEC15 , MUBI , LONDON GB",-4.99,778,,,
778,2015-08-12,POS,"'9285 07DEC15 C , SUBWAY , CITY ROAD LON GB",-5.69,779,,,
779,2015-08-12,D/D,'UNICEF UK,-4.0,780,,,
780,2015-09-12,POS,"'9285 08DEC15 , MUDMEE THAI RESTAU, LONDON E1 GB",-19.7,781,,,
781,2015-10-12,POS,"'9285 09DEC15 C , SUBWAY , CITY ROAD LON GB",-6.98,782,,,
782,2015-12-14,POS,"'9285 11DEC15 , GIVEWELL , 6462332035 US , USD 5.00, VRATE 1.5105, FGN PUR FEE 1.00",-4.31,783,,,
783,2015-12-14,POS,"'9285 11DEC15 , BB *RAINFOREST , TRUST , 8004564930 US , USD 5.00, VRATE 1.5105, FGN PUR FEE 1.00",-4.31,784,,,
784,2015-12-14,POS,"'9285 13DEC15 , 447581427540 , FEE GB",-20.17,785,,,
785,2015-12-14,POS,"'9285 12DEC15 C , TFL.GOV.UK/CP , TFL TRAVEL CH GB",-1.5,786,,,
786,2015-12-14,POS,"'9285 12DEC15 C , PAPERCHASE , STRATFORD GB",-3.0,787,,,
787,2015-12-14,POS,"'9285 13DEC15 C , CO-OP GROUP PETROL, BOW ROAD GB",-8.58,788,,,
788,2015-12-14,POS,"'9285 12DEC15 C , M AND S SIMPLY FOOD - , SSP , LIVERPOOL ST GB",-8.25,789,,,
789,2015-12-14,POS,"'9285 12DEC15 , NEWSPOINT , (STRATFORD) , LONDON GB",-5.17,790,,,
790,2015-12-14,POS,"'9285 12DEC15 C , TORTILLA WESTFIELD, STR , LONDON GB",-16.7,791,,,
791,2015-12-14,POS,"'9285 12DEC15 C , SACAT MARKS AND , SPENCER , LONDON GB",-12.0,792,,,
792,2015-12-14,POS,"'9285 12DEC15 , LEGO STORE , STRATFORD CTY GB",-4.99,793,,,
793,2015-12-14,POS,"'9285 12DEC15 C , CO-OP GROUP PETROL, BOW ROAD GB",-7.9,794,,,
794,2015-12-14,POS,"'9285 11DEC15 C , SIMPLY FRESH , LONDON GB",-12.47,795,,,
795,2015-12-15,BAC,'ELSEVIER LTD,2982.97,796,,,
796,2015-12-15,POS,"'9285 14DEC15 , CURRYS DIGITAL , LONDON GB",-34.98,797,,,
797,2015-12-15,POS,"'9285 14DEC15 C , SUBWAY , CITY ROAD LON GB",-5.5,798,,,
798,2015-12-15,POS,"'9285 14DEC15 , HACHE BURGER , CONNOISSE , LONDON EC2A 3 GB",-72.69,799,,,
799,2015-12-15,POS,"'9285 14DEC15 , CYCLE SURGERY , LONDON EC1Y GB",-69.98,800,,,
800,2015-12-15,D/D,'OXFAM DD,-3.0,801,,,
