Account,Account Name,Category,Date,Description,Expense Amount,Notes,Payee,SubCategory,Type,Value,budget_date
,'Current,,20/08/2015 00:00,'LBTH COUNCIL TAX,,,,,D/D,-98,
,'Current,,21/08/2015 00:00,"'9285 18AUG15 , DELIVEROO.CO.UK , 02033223444 GB",,,,,POS,-27,
,'Current,,21/08/2015 00:00,'NATWEST 20AUG,,,,,C/L,-20,
,'Current,,24/08/2015 00:00,"'9285 21AUG15 , AMAZON DIGITAL , DWNLDS , 866-321-8851 LU",,,,,POS,-1.99,
,'Current,,24/08/2015 00:00,"'9285 23AUG15 , DELIVERANCE , LIMITED , LONDON GB",,,,,POS,-17.2,
,'Current,,26/08/2015 00:00,"'9285 25AUG15 , UDACITY, INC. , 8778877815 US , USD 200.00, VRATE 1.5724, FGN PUR FEE 3.50",,,,,POS,-130.69,
,'Current,,26/08/2015 00:00,"'9285 25AUG15 , MONSTER SUPPLEMENT, HULL GB",,,,,POS,-63.32,
,'Current,,26/08/2015 00:00,'PNET2674351-1,,,,,D/D,-18.45,
,'Current,,27/08/2015 00:00,"'CONTRACTOR UMBRELL, CONTRACTOR UMBRELL, FP 27/08/15 0249 , 58023343774999000N, CONTRACTOR UMBRELL, A",,,,,BAC,626.39,
,'Current,,27/08/2015 00:00,"'9285 26AUG15 , DELIVERANCE , LIMITED , LONDON GB",,,,,POS,-23,
,'Current,,28/08/2015 00:00,"'9285 27AUG15 C , ITSU LTD , LNDN EC2A 010 GB",,,,,POS,-8.28,
,'Current,,28/08/2015 00:00,'HALIFAX,,,,,D/D,-8.18,
,'Current,,01/09/2015 00:00,"'9285 28AUG15 C , BOOTS 1137 , GATWICK AIRPO GB",,,,,POS,-7.75,
,'Current,,01/09/2015 00:00,"'9285 28AUG15 C , BOOTS 2000 , GATWICK AIRPO GB",,,,,POS,-3.38,
,'Current,,01/09/2015 00:00,"'9285 28AUG15 C , LONDON AND SOUTH EAS, LONDON SE1 GB",,,,,POS,-9.4,
,'Current,,01/09/2015 00:00,"'9285 28AUG15 C , PRET A MANGER , GATWICK SOUTH GB",,,,,POS,-8.27,
,'Current,,01/09/2015 00:00,"'9285 28AUG15 C , BOOTS 2000 , GATWICK AIRPO GB",,,,,POS,-2.49,
,'Current,,01/09/2015 00:00,'SOAS,,,,,D/D,-3,
,'Current,,01/09/2015 00:00,"'H3G , INITIAL PAYMENT",,,,,D/D,-23.19,
,'Current,,02/09/2015 00:00,"'CONTRACTOR UMBRELL, CONTRACTOR UMBRELL, FP 02/09/15 0244 , 02023317696217000N, CONTRACTOR UMBRELL, A",,,,,BAC,587.79,
,'Current,,02/09/2015 00:00,"'9285 01SEP15 C , CO-OP GROUP PETROL, BOW ROAD GB",,,,,POS,-13.07,
,'Current,,02/09/2015 00:00,"'9285 01SEP15 , MAYOR , 02089 812676 GB",,,,,POS,-8.2,
,'Current,,03/09/2015 00:00,"'9285 02SEP15 C , ITSU LTD , LNDN EC2A 010 GB",,,,,POS,-3.99,
,'Current,,04/09/2015 00:00,'19AUG A/C 10651269,,,,,CHG,-13.78,
,'Current,,04/09/2015 00:00,"'9285 03SEP15 , GOOGLE , *SVCSAPPS_MOTIO , 303-245-0086 IE",,,,,POS,-8,
,'Current,,04/09/2015 00:00,"'9285 03SEP15 , CO-OP GROUP PETROL, BOW ROAD GB",,,,,POS,-25.48,
,'Current,,04/09/2015 00:00,"'9285 03SEP15 C , WASABI FINSBURY , PAVEME , LONDON GB",,,,,POS,-5.45,
,'Current,,07/09/2015 00:00,"'9285 05SEP15 , 447935858985 , FEE GB",,,,,POS,-70,
,'Current,,07/09/2015 00:00,"'9285 04SEP15 , THE RIVERFRONT , LONDON GB",,,,,POS,-12.9,
,'Current,,07/09/2015 00:00,"'9285 06SEP15 C , CO-OP GROUP PETROL, BOW ROAD GB",,,,,POS,-3.59,
,'Current,,07/09/2015 00:00,"'9285 04SEP15 C , THE RIVERFRONT , LONDON GB",,,,,POS,-6.15,
,'Current,,07/09/2015 00:00,"'9285 06SEP15 , GOOGLE *COMMERCE , LTD , GOOGLE.COM/CH GB",,,,,POS,-9.99,
,'Current,,07/09/2015 00:00,"'9285 06SEP15 , TFL CYCLE HIRE , SHOREDITCH HI GB",,,,,POS,-2,
,'Current,,07/09/2015 00:00,"'9285 06SEP15 C , CO-OP GROUP PETROL, BOW ROAD GB",,,,,POS,-7.99,
,'Current,,07/09/2015 00:00,"'9285 06SEP15 , DELIVERANCE , LIMITED , LONDON GB",,,,,POS,-23,
,'Current,,07/09/2015 00:00,"'9285 05SEP15 , JUNO , LONDON GB",,,,,POS,-13,
,'Current,,07/09/2015 00:00,"'9285 05SEP15 , JUNO , LONDON GB",,,,,POS,-13.5,
,'Current,,07/09/2015 00:00,"'9285 05SEP15 , JUNO , LONDON GB",,,,,POS,-16.9,
,'Current,,07/09/2015 00:00,"'9285 05SEP15 , JUNO , LONDON GB",,,,,POS,-8.5,
,'Current,,07/09/2015 00:00,"'9285 06SEP15 , JUNO , LONDON GB",,,,,POS,-9,
,'Current,,07/09/2015 00:00,"'9285 06SEP15 , JUNO , LONDON GB",,,,,POS,-28,
,'Current,,08/09/2015 00:00,"'CALL REF.NO. 2067 , SPICERHAART , FP 08/09/15 10 , 63165819002347000R",,,,,DPC,-1300,
,'Current,,08/09/2015 00:00,"'9285 07SEP15 , MAPLIN LIVERPL ST , EC2M , LONDON GB",,,,,POS,-39.98,
,'Current,,08/09/2015 00:00,"'9285 07SEP15 C , WASABI FINSBURY , PAVEME , LONDON GB",,,,,POS,-5.45,
,'Current,,08/09/2015 00:00,'UNICEF UK,,,,,D/D,-4,
,'Current,,09/09/2015 00:00,"'CONTRACTOR UMBRELL, CONTRACTOR UMBRELL, FP 09/09/15 0241 , 57023233237084000N, CONTRACTOR UMBRELL, A",,,,,BAC,587.99,
,'Current,,09/09/2015 00:00,"'9285 08SEP15 , LLOYDS PHARMACY , WHITECHAPEL GB",,,,,POS,-16.4,
,'Current,,09/09/2015 00:00,"'9285 09SEP15 , MUBI , LONDON GB",,,,,POS,-4.99,
,'Current,,09/09/2015 00:00,"'9285 08SEP15 C , SUBWAY , 6 CITY ROAD GB",,,,,POS,-5.99,
,'Current,,10/09/2015 00:00,"'9285 09SEP15 , CO-OP GROUP PETROL, BOW ROAD GB",,,,,POS,-22,
,'Current,,10/09/2015 00:00,"'9285 09SEP15 C , PIZZA BUZZ , 2B WORSHIP ST GB",,,,,POS,-11.4,
,'Current,,14/09/2015 00:00,"'9285 11SEP15 , GIVEWELL , 6462332035 US , USD 5.00, VRATE 1.5432, FGN PUR FEE 1.00",,,,,POS,-4.24,
,'Current,,14/09/2015 00:00,"'9285 11SEP15 , BB *RAINFOREST , TRUST , 8004564930 US , USD 5.00, VRATE 1.5432, FGN PUR FEE 1.00",,,,,POS,-4.24,
,'Current,,14/09/2015 00:00,"'9285 11SEP15 , TRAINLINE , 03332 022 222 LU",,,,,POS,-61.5,
,'Current,,14/09/2015 00:00,"'9285 12SEP15 C , M AND S SIMPLY FOOD - , SSP , ST PANCRAS ST GB",,,,,POS,-8.5,
,'Current,,14/09/2015 00:00,"'9285 12SEP15 C , W M MORRISONS , NOTTINGHAM GB",,,,,POS,-5,
,'Current,,14/09/2015 00:00,"'9285 12SEP15 , GOOGLE *MOBILE , GAME , GOOGLE.COM/CH GB",,,,,POS,-0.76,
,'Current,,15/09/2015 00:00,'OXFAM DD,,,,,D/D,-3,
,'Current,,16/09/2015 00:00,"'CONTRACTOR UMBRELL, CONTRACTOR UMBRELL, FP 16/09/15 0241 , 14023206588550000N, CONTRACTOR UMBRELL, A",,,,,BAC,587.79,
,'Current,,17/09/2015 00:00,"'CALL REF.NO. 0000 , DAD , FP 17/09/15 10 , 40162648229143000R",,,,,DPC,-115,
,'Current,,17/09/2015 00:00,"'9285 16SEP15 C , WASABI FINSBURY , PAVEME , LONDON GB",,,,,POS,-5.45,
,'Current,,18/09/2015 00:00,'OVO ENERGY,,,,,D/D,-63,
,'Current,,21/09/2015 00:00,"'9285 20SEP15 C , TESCO STORES 6611 , WALTHAMSTOW GB",,,,,POS,-7.05,
,'Current,,21/09/2015 00:00,"'9285 19SEP15 C , FOOD SALE EXPRESS , LONDON GB",,,,,POS,-14.98,
,'Current,,21/09/2015 00:00,'BMACH 20SEP,,,,,C/L,-20,
,'Current,,21/09/2015 00:00,'LBTH COUNCIL TAX,,,,,D/D,-98,
,'Current,,22/09/2015 00:00,"'9285 21SEP15 , 447581427540 , FEE GB",,,,,POS,-19.8,
,'Current,,22/09/2015 00:00,"'9285 21SEP15 C , EAT LTD , MOORGATE GB",,,,,POS,-6.78,
,'Current,,23/09/2015 00:00,"'9285 22SEP15 C , SUBWAY , 6 CITY ROAD GB",,,,,POS,-5.99,
,'Current,,23/09/2015 00:00,"'9285 21SEP15 , WWW.JUST EAT.CO.UK, 0208 7362006 GB",,,,,POS,-22.55,
,'Current,,24/09/2015 00:00,"'9285 23SEP15 C , POD , LONDON GB",,,,,POS,-4.99,
,'Current,,24/09/2015 00:00,"'9285 23SEP15 , RYMAN 1081 , LONDON GB",,,,,POS,-38.95,
,'Current,,25/09/2015 00:00,"'O.BRIEN ME , AMAAAAAAAZON , FP 25/09/15 1349 , 22134947108231000N, O.BRIEN ME , AMAAAAAAAZON",,,,,BAC,12,
,'Current,,25/09/2015 00:00,"'9285 24SEP15 , THREE-BILLPAY(IVR), WWW.THREE.CO. GB",,,,,POS,-10,
,'Current,,25/09/2015 00:00,"'9285 24SEP15 , DISHOOM , LONDON GB",,,,,POS,-25,
,'Current,,25/09/2015 00:00,'PNET2674351-1,,,,,D/D,-19.49,
,'Current,,28/09/2015 00:00,"'9285 25SEP15 , UDACITY, INC. , 8778877815 US , USD 200.00, VRATE 1.5157, FGN PUR FEE 3.63",,,,,POS,-135.58,
,'Current,,28/09/2015 00:00,"'9285 25SEP15 , LE TOKYO , 207797 , REIMS FR , EUR 27.00, VRATE 1.3520, FGN PUR FEE 1.00",,,,,POS,-20.97,
,'Current,,28/09/2015 00:00,"'9285 27SEP15 , QUICK , 247593 , REIMS0222 FR , EUR 21.40, VRATE 1.3518, FGN PUR FEE 1.00",,,,,POS,-16.83,
,'Current,,28/09/2015 00:00,"'9285 25SEP15 C , M AND S SIMPLY FOOD - , SSP , ST PANCRAS ST GB",,,,,POS,-16.05,
,'Current,,28/09/2015 00:00,"'9285 25SEP15 , TESCO STORES 6440 , LONDON EN8 GB",,,,,POS,-53.33,
,'Current,,28/09/2015 00:00,'HALIFAX,,,,,D/D,-18.82,
,'Current,,29/09/2015 00:00,"'9285 26SEP15 , REIMS ERLON , REIMS FR , FGN CSH FEE 2.00",,,,,C/L,-33.31,
,'Current,,29/09/2015 00:00,"'9285 27SEP15 , LE CHALAND , 75PARIS 10 FR , EUR 26.50, VRATE 1.3554, FGN PUR FEE 1.00",,,,,POS,-20.55,
,'Current,,29/09/2015 00:00,"'9285 27SEP15 , CHALET DU NORD , 75PARIS 10 FR , EUR 7.00, VRATE 1.3565, FGN PUR FEE 1.00",,,,,POS,-6.16,
,'Current,,29/09/2015 00:00,"'9285 28SEP15 C , CHILANGO'S , LONDON GB",,,,,POS,-6.3,
,'Current,,01/10/2015 00:00,"'9285 30SEP15 C , CO-OP GROUP PETROL, BOW ROAD GB",,,,,POS,-10.69,
,'Current,,01/10/2015 00:00,"'9285 30SEP15 , DSA , NOTTINGHAM GB",,,,,POS,-62,
,'Current,,01/10/2015 00:00,'SOAS,,,,,D/D,-3,
,'Current,,01/10/2015 00:00,'H3G,,,,,D/D,-35.23,
,'Current,,02/10/2015 00:00,"'9285 01OCT15 C , SUBWAY , 6 CITY ROAD GB",,,,,POS,-5.99,
,'Current,,05/10/2015 00:00,'18SEP A/C 10651269,,,,,CHG,-12.95,
,'Current,,05/10/2015 00:00,"'9285 03OCT15 , GOOGLE , *SVCSAPPS_MOTIO , 303-245-0086 IE",,,,,POS,-0.77,
,'Current,,05/10/2015 00:00,"'9285 02OCT15 C , TORTILLA WESTFIELD, STR , LONDON GB",,,,,POS,-8.2,
,'Current,,05/10/2015 00:00,'VIRGIN MOBILE,,,,,D/D,-17.65,
,'Current,,06/10/2015 00:00,"'9285 05OCT15 , EE AND T-MOBILE , T MOBILE.CO.U GB",,,,,POS,-5,
,'Current,,06/10/2015 00:00,"'9285 05OCT15 C , THE FOX , 0207 729 5708 GB",,,,,POS,-12.5,
,'Current,,06/10/2015 00:00,"'9285 04OCT15 , CO-OP GROUP PETROL, BOW ROAD GB",,,,,POS,-23.87,
,'Current,,06/10/2015 00:00,"'9285 04OCT15 , DELIVERANCE , LIMITED , LONDON GB",,,,,POS,-32.1,
,'Current,,07/10/2015 00:00,"'9285 06OCT15 , GOOGLE *COMMERCE , LTD , GOOGLE.COM/CH GB",,,,,POS,-9.99,
,'Current,,07/10/2015 00:00,"'9285 06OCT15 C , WAITROSE 732 , BARBICAN GB",,,,,POS,-2,
,'Current,,07/10/2015 00:00,"'9285 06OCT15 , GODADDY COM EUROPE, 020 7979 2661 GB",,,,,POS,-5.99,
,'Current,,08/10/2015 00:00,'UNICEF UK,,,,,D/D,-4,
,'Current,,09/10/2015 00:00,"'9285 08OCT15 , DSA , NOTTINGHAM GB , REFUND",,,,,POS,62,
,'Current,,09/10/2015 00:00,"'9285 08OCT15 , AMAZON UK , MARKETPLACE , 800-279-6620 LU",,,,,POS,-21.32,
,'Current,,09/10/2015 00:00,"'9285 09OCT15 , MUBI , LONDON GB",,,,,POS,-4.99,
,'Current,,09/10/2015 00:00,"'9285 08OCT15 , DSA THEORY TEST , NOTTINGHAM GB",,,,,POS,-23,
,'Current,,12/10/2015 00:00,"'9285 11OCT15 , GIVEWELL , 6462332035 US , USD 5.00, VRATE 1.5243, FGN PUR FEE 1.00",,,,,POS,-4.28,
,'Current,,12/10/2015 00:00,"'9285 11OCT15 , BB *RAINFOREST , TRUST , 8004564930 US , USD 5.00, VRATE 1.5243, FGN PUR FEE 1.00",,,,,POS,-4.28,
,'Current,,12/10/2015 00:00,"'9285 09OCT15 , DELIVEROO.CO.UK , 02033223444 GB",,,,,POS,-22,
,'Current,,12/10/2015 00:00,"'9285 10OCT15 C , CORBORN CORNER , LONDON GB",,,,,POS,-7.86,
,'Current,,12/10/2015 00:00,"'9285 10OCT15 , FGW SELF SERVICE , PADDINGTON GB",,,,,POS,-26.7,
,'Current,,12/10/2015 00:00,"'9285 11OCT15 C , CO-OP GROUP PETROL, BOW ROAD GB",,,,,POS,-1.79,
,'Current,,12/10/2015 00:00,"'9285 11OCT15 , HARDEDGE READING , LIMIT , READING GB",,,,,POS,-55,
,'Current,,12/10/2015 00:00,"'9285 11OCT15 , OFFICE , READING 089 GB",,,,,POS,-71.99,
,'Current,,12/10/2015 00:00,"'9285 10OCT15 , ORIGINAL BUFFALO , GRILL , READING GB",,,,,POS,-35.45,
,'Current,,12/10/2015 00:00,"'9285 11OCT15 C , KFC READING , READING GB",,,,,POS,-9.38,
,'Current,,12/10/2015 00:00,"'9285 11OCT15 , HOUSE OF FRASER , READING GB",,,,,POS,-130.05,
,'Current,,12/10/2015 00:00,"'9285 11OCT15 , SCHUH 033 , READING GB",,,,,POS,-60,
,'Current,,13/10/2015 00:00,"'ABAZA KHALED , KHALED-RBS , FP 13/10/15 1743 , FP15286O14355984",,,,,BAC,70,
,'Current,,13/10/2015 00:00,"'9285 12OCT15 C , SUBWAY , 6 CITY ROAD GB",,,,,POS,-5.99,
,'Current,,14/10/2015 00:00,"'9285 13OCT15 C , BIERSCHENKE , LONDON GB",,,,,POS,-19.91,
,'Current,,15/10/2015 00:00,"'9285 14OCT15 C , CO-OP GROUP PETROL, BOW ROAD GB",,,,,POS,-1,
,'Current,,15/10/2015 00:00,"'9285 14OCT15 C , WASABI FINSBURY , PAVEME , LONDON GB",,,,,POS,-6.95,
,'Current,,15/10/2015 00:00,"'9285 14OCT15 , HOLLAND AND BARRETT , MOORGATE GB",,,,,POS,-13.24,
,'Current,,15/10/2015 00:00,'OXFAM DD,,,,,D/D,-3,
,'Current,,19/10/2015 00:00,"'9285 16OCT15 , DELIVERANCE , LIMITED , LONDON GB",,,,,POS,-25.27,
,'Current,,19/10/2015 00:00,"'9285 17OCT15 , JUSTGIVING.COM , ONLINE DONATI GB",,,,,POS,-30,
,'Current,,19/10/2015 00:00,"'9285 18OCT15 , DELIVERANCE , LIMITED , LONDON GB",,,,,POS,-17.5,
,'Current,,19/10/2015 00:00,"'9285 17OCT15 , SAINSBURY'S SMKT , BRIXTON ROAD GB",,,,,POS,-15.85,
,'Current,,19/10/2015 00:00,"'9285 16OCT15 , GODADDY COM EUROPE, 020 7979 2661 GB",,,,,POS,-14.29,
,'Current,,19/10/2015 00:00,'OVO ENERGY,,,,,D/D,-63,
,'Current,,20/10/2015 00:00,"'9285 19OCT15 C , CO-OP GROUP PETROL, BOW ROAD GB",,,,,POS,-11.54,
,'Current,,20/10/2015 00:00,'LBTH COUNCIL TAX,,,,,D/D,-98,
,'Current,,21/10/2015 00:00,"'9285 20OCT15 C , SACAT MARKS AND , SPENCER , LONDON GB",,,,,POS,-6.85,
,'Current,,21/10/2015 00:00,"'9285 20OCT15 C , CO-OP GROUP PETROL, BOW ROAD GB",,,,,POS,-4.03,
,'Current,,22/10/2015 00:00,"'9285 21OCT15 C , ITSU LTD , LNDN EC2A 010 GB",,,,,POS,-8.48,
,'Current,,23/10/2015 00:00,"'9285 22OCT15 , PIZZA BUZZ , 2B WORSHIP ST GB",,,,,POS,-8.46,
,'Current,,23/10/2015 00:00,"'9285 22OCT15 C , SUBWAY , CITY ROAD LON GB",,,,,POS,-5.99,
,'Current,,26/10/2015 00:00,"'9285 24OCT15 , AMAZON SVCS , EUROPE,SAR , AMAZON.CO.UK LU",,,,,POS,-3.99,
,'Current,,26/10/2015 00:00,"'9285 24OCT15 , AMAZON UK , MARKETPLACE , 800-279-6620 LU",,,,,POS,-19.58,
,'Current,,26/10/2015 00:00,"'9285 24OCT15 C , TFL.GOV.UK/CP , TFL TRAVEL CH GB",,,,,POS,-1.5,
,'Current,,26/10/2015 00:00,"'9285 24OCT15 C , TESCO STORES 6363 , BETHNAL GREEN GB",,,,,POS,-1.5,
,'Current,,26/10/2015 00:00,"'9285 25OCT15 C , CO-OP GROUP PETROL, BOW ROAD GB",,,,,POS,-12.13,
,'Current,,26/10/2015 00:00,"'9285 23OCT15 C , SUBWAY , CITY ROAD LON GB",,,,,POS,-6.58,
,'Current,,26/10/2015 00:00,"'9285 25OCT15 , KATHMANDU , SPITALFIELDS , LONDON GB",,,,,POS,-32.99,
,'Current,,26/10/2015 00:00,"'9285 24OCT15 C , CO-OP GROUP PETROL, BOW ROAD GB",,,,,POS,-19.49,
,'Current,,26/10/2015 00:00,'PNET2674351-1,,,,,D/D,-19.49,
,'Current,,27/10/2015 00:00,"'CALL REF.NO. 0000 , FROM A/C 11495821",,,,,DPC,1000,
,'Current,,27/10/2015 00:00,"'9285 26OCT15 , TRAINLINE , 03332 022 222 LU",,,,,POS,-55.7,
,'Current,,27/10/2015 00:00,"'9285 26OCT15 C , SUBWAY , CITY ROAD LON GB",,,,,POS,-5.99,
,'Current,,28/10/2015 00:00,"'9285 27OCT15 , AMAZON UK , MARKETPLACE , 800-279-6620 LU",,,,,POS,-10.98,
,'Current,,29/10/2015 00:00,"'9285 28OCT15 , UDACITY, INC. , 8778877815 US , USD 200.00, VRATE 1.5274, FGN PUR FEE 3.60",,,,,POS,-134.54,
,'Current,,29/10/2015 00:00,"'9285 28OCT15 , DELIVERANCE , LIMITED , LONDON GB",,,,,POS,-23,
,'Current,,29/10/2015 00:00,'HALIFAX,,,,,D/D,-18.63,
,'Current,,02/11/2015 00:00,"'9285 31OCT15 , TRAINLINE , 03332 022 222 LU",,,,,POS,-42.5,
,'Current,,02/11/2015 00:00,"'9285 31OCT15 C , WASABI LIVERPOOL , KIOSK , LONDON GB",,,,,POS,-7.49,
,'Current,,02/11/2015 00:00,'SOAS,,,,,D/D,-3,
,'Current,,02/11/2015 00:00,'H3G,,,,,D/D,-38.86,
,'Current,,03/11/2015 00:00,"'9285 02NOV15 , GOOGLE , *SVCSAPPS_MOTIO , 303-245-0086 IE",,,,,POS,-3.3,
,'Current,,03/11/2015 00:00,"'9285 02NOV15 , GOOGLE , *DEEPRIVERDEV , GOOGLE.COM/CH GB",,,,,POS,-1.99,
,'Current,,03/11/2015 00:00,"'9285 02NOV15 , HONEST BURGERS , MARKET , LONDON GB",,,,,POS,-51.5,
,'Current,,04/11/2015 00:00,'19OCT A/C 10651269,,,,,CHG,-12.95,
,'Current,,05/11/2015 00:00,"'CONTRACTOR UMBRE L, NO REF , FP 05/11/15 1507 , MF000845B1F8A13600",,,,,BAC,478.14,
,'Current,,09/11/2015 00:00,"'9285 06NOV15 C , M AND S SIMPLY FOOD - , SSP , M/BONE STN GB",,,,,POS,-5.05,
,'Current,,09/11/2015 00:00,"'9285 06NOV15 , GOOGLE *COMMERCE , LTD , GOOGLE.COM/CH GB",,,,,POS,-9.99,
,'Current,,09/11/2015 00:00,"'9285 08NOV15 , MUBI , LONDON GB",,,,,POS,-4.99,
,'Current,,09/11/2015 00:00,"'9285 06NOV15 C , M AND S SIMPLY FOOD - , SSP , M/BONE STN GB",,,,,POS,-18.2,
,'Current,,10/11/2015 00:00,"'9285 09NOV15 , HACHE BURGER , CONNOISSE , LONDON EC2A 3 GB",,,,,POS,-55.69,
,'Current,,10/11/2015 00:00,'UNICEF UK,,,,,D/D,-4,
,'Current,,12/11/2015 00:00,"'9285 11NOV15 , GIVEWELL , 6462332035 US , USD 5.00, VRATE 1.5105, FGN PUR FEE 1.00",,,,,POS,-4.31,
,'Current,,12/11/2015 00:00,"'9285 11NOV15 , BB *RAINFOREST , TRUST , 8004564930 US , USD 5.00, VRATE 1.5105, FGN PUR FEE 1.00",,,,,POS,-4.31,
,'Current,,16/11/2015 00:00,"'9285 15NOV15 , COSTCUTTER , LONDON E3 GB",,,,,POS,-7.28,
,'Current,,16/11/2015 00:00,"'9285 15NOV15 , SWEATSHOP , 08453325237 GB",,,,,POS,-56.03,
,'Current,,16/11/2015 00:00,"'9285 14NOV15 , DELIVERANCE , LIMITED , LONDON GB",,,,,POS,-53.2,
,'Current,,16/11/2015 00:00,"'9285 15NOV15 , MONSTER SUPPLEMENT, HULL GB",,,,,POS,-159.87,
,'Current,,16/11/2015 00:00,"'9285 15NOV15 C , CO-OP GROUP PETROL, BOW ROAD GB",,,,,POS,-21.4,
,'Current,,16/11/2015 00:00,"'9285 15NOV15 C , AS NATURE INTENDED, LTD , LONDON GB",,,,,POS,-3.5,
,'Current,,16/11/2015 00:00,"'9285 14NOV15 , CIRQUE , LONDON GB",,,,,POS,-42.5,
,'Current,,16/11/2015 00:00,"'9285 15NOV15 C , EAT , OSR GB",,,,,POS,-3.59,
,'Current,,16/11/2015 00:00,"'9285 15NOV15 , GODADDY COM EUROPE, 020 7979 2661 GB",,,,,POS,-5.99,
,'Current,,16/11/2015 00:00,"'9285 14NOV15 , ZIGFRID VON , UNDERBELLY , LONDON N1 6NU GB",,,,,POS,-25.5,
,'Current,,16/11/2015 00:00,"'9285 15NOV15 , ZIGFRID VON , UNDERBELLY , LONDON N1 6NU GB",,,,,POS,-18,
,'Current,,16/11/2015 00:00,"'9285 14NOV15 C , PECKOVER , TRADITIONAL B , LONDON E2 GB",,,,,POS,-10.56,
,'Current,,16/11/2015 00:00,'OXFAM DD,,,,,D/D,-3,
,'Current,,17/11/2015 00:00,"'9285 15NOV15 , THE SINGER TAVERN , LONDON GB",,,,,POS,-28.13,
,'Current,,18/11/2015 00:00,'OVO ENERGY,,,,,D/D,-63,
,'Current,,19/11/2015 00:00,"'S YOUSIF , FP 18/11/15 2212 , 300000000172330855",,,,,BAC,636.65,
,'Current,,19/11/2015 00:00,"'CONTRACTOR UMBRE L, NO REF , FP 19/11/15 1406 , MF000345B20452C900",,,,,BAC,3726.24,
,'Current,,20/11/2015 00:00,"'9285 18NOV15 , ROYAL JORDANIAN , ETKT , LONDON W6 0EA GB",,,,,POS,-636.65,
,'Current,,20/11/2015 00:00,'LBTH COUNCIL TAX,,,,,D/D,-98,
,'Current,,23/11/2015 00:00,"'9285 20NOV15 , CO-OP GROUP PETROL, BOW ROAD GB",,,,,POS,-15.24,
,'Current,,23/11/2015 00:00,"'9285 22NOV15 C , PRET A MANGER , ST PANCRAS IN GB",,,,,POS,-6.6,
,'Current,,23/11/2015 00:00,"'9285 22NOV15 C , PRET A MANGER , ST PANCRAS IN GB",,,,,POS,-2.4,
,'Current,,23/11/2015 00:00,"'9285 20NOV15 , PECKOVER , TRADITIONAL B , LONDON E2 GB",,,,,POS,-47.63,
,'Current,,23/11/2015 00:00,"'9285 22NOV15 , CAFFE NERO - 31 -E, EDGWARE ROAD GB",,,,,POS,-8.4,
,'Current,,24/11/2015 00:00,"'CONTRACTOR UMBRE L, NO REF , FP 24/11/15 1259 , MF000645B207C89D00",,,,,BAC,586.48,
,'Current,,24/11/2015 00:00,"'9285 23NOV15 , SAINSBURY'S S/MKT , WHITECHAPEL GB",,,,,POS,-24.25,
,'Current,,24/11/2015 00:00,"'9285 20NOV15 , STEAMGAMES.COM , 425-952-2985 GB",,,,,POS,-24.99,
,'Current,,24/11/2015 00:00,"'9285 23NOV15 C , SUBWAY , CITY ROAD LON GB",,,,,POS,-6.49,
,'Current,,25/11/2015 00:00,"'9285 24NOV15 , TRAFIK , LONDON GB",,,,,POS,-30.5,
,'Current,,26/11/2015 00:00,"'9285 25NOV15 , UDACITY, INC. , 8778877815 US , USD 200.00, VRATE 1.5051, FGN PUR FEE 3.65",,,,,POS,-136.53,
,'Current,,26/11/2015 00:00,'PNET2674351-1,,,,,D/D,-19.49,
,'Current,,27/11/2015 00:00,"'9285 26NOV15 , AMAZON DIGITAL , DWNLDS , 866-321-8851 LU",,,,,POS,-2.99,
,'Current,,27/11/2015 00:00,"'9285 25NOV15 , WAHACA GREAT , PORTLAND , LONDON GB",,,,,POS,-65.25,
,'Current,,30/11/2015 00:00,"'ABAZA KHALED , KHALED-RBS , FP 29/11/15 2118 , FP15333O15032218",,,,,BAC,200,
,'Current,,30/11/2015 00:00,"'CALL REF.NO. 0000 , DAD , FP 28/11/15 10 , 36160736986629000R",,,,,DPC,-400,
,'Current,,30/11/2015 00:00,"'9285 28NOV15 , TRAINLINE , 03332 022 222 LU",,,,,POS,-60.5,
,'Current,,30/11/2015 00:00,"'9285 29NOV15 , GOOGLE *BIG DADDYS, C , GOOGLE.COM/CH GB",,,,,POS,-0.53,
,'Current,,30/11/2015 00:00,"'9285 29NOV15 , PAN ASIA BBQ , NOTTINGHAM GB",,,,,POS,-56.75,
,'Current,,30/11/2015 00:00,"'9285 27NOV15 C , PRET A MANGER , 1 FINSBURY SQ GB",,,,,POS,-14.78,
,'Current,,30/11/2015 00:00,'HALIFAX,,,,,D/D,-18.45,
,'Current,,01/12/2015 00:00,"'CONTRACTOR UMBRE L, NO REF , FP 01/12/15 1438 , MF00114BF20F24A100",,,,,BAC,586.68,
,'Current,,01/12/2015 00:00,"'9285 30NOV15 , AMAZON UK , MARKETPLACE , 800-279-6620 LU",,,,,POS,-28.33,
,'Current,,01/12/2015 00:00,"'9285 30NOV15 , AMAZON UK , MARKETPLACE , 800-279-6620 LU",,,,,POS,-1.25,
,'Current,,01/12/2015 00:00,"'9285 30NOV15 C , TESCO STORE 2092 , BETHNAL GREEN GB",,,,,POS,-11.82,
,'Current,,01/12/2015 00:00,"'9285 30NOV15 C , SUBWAY , CITY ROAD LON GB",,,,,POS,-5.99,
,'Current,,01/12/2015 00:00,'SOAS,,,,,D/D,-3,
,'Current,,01/12/2015 00:00,'H3G,,,,,D/D,-21.41,
,'Current,,02/12/2015 00:00,"'9285 01DEC15 C , SUBWAY , CITY ROAD LON GB",,,,,POS,-5.99,
,'Current,,02/12/2015 00:00,"'9285 01DEC15 C , PIZZA BUZZ , 2B WORSHIP ST GB",,,,,POS,-16.4,
,'Current,,02/12/2015 00:00,"'9285 01DEC15 , WWW.JOHNLEWIS.COM , 03456 049 049 GB",,,,,POS,-1079,
,'Current,,03/12/2015 00:00,"'9285 30NOV15 , UDEMY INC. , +14156025987 IE",,,,,POS,-8,
,'Current,,03/12/2015 00:00,"'9285 30NOV15 , UDEMY INC. , +14156025987 IE",,,,,POS,-8,
,'Current,,03/12/2015 00:00,"'9285 02DEC15 C , SUBWAY , CITY ROAD LON GB",,,,,POS,-7.48,
,'Current,,03/12/2015 00:00,"'9285 02DEC15 C , CO-OP GROUP 600322, STEPNEY GB",,,,,POS,-5.39,
,'Current,,04/12/2015 00:00,"'9285 03DEC15 , AMAZON UK , MARKETPLACE , 800-279-6620 LU",,,,,POS,-28.33,
,'Current,,04/12/2015 00:00,"'9285 03DEC15 C , SUBWAY , CITY ROAD LON GB",,,,,POS,-5.99,
,'Current,,04/12/2015 00:00,"'9285 03DEC15 , CO-OP GROUP 600322, STEPNEY GB",,,,,POS,-10.58,
,'Current,,07/12/2015 00:00,"'CONTRACTOR UMBRE L, NO REF , FP 07/12/15 1614 , MF00894BF214CB5800",,,,,BAC,1153.57,
,'Current,,07/12/2015 00:00,'19NOV A/C 10651269,,,,,INT,-1.81,
,'Current,,07/12/2015 00:00,'19NOV A/C 10651269,,,,,CHG,-12.95,
,'Current,,07/12/2015 00:00,"'CALL REF.NO. 2187 , SPICERHAART , FP 07/12/15 10 , 60123743439036000R",,,,,DPC,-1300,
,'Current,,07/12/2015 00:00,"'9285 04DEC15 , GOOGLE , *SVCSAPPS_MOTIO , 303-245-0086 IE",,,,,POS,-3.3,
,'Current,,07/12/2015 00:00,"'9285 04DEC15 , SOUND , LONDON GB",,,,,POS,-34,
,'Current,,07/12/2015 00:00,"'9285 05DEC15 , JOHN LEWIS , STRATFORD GB",,,,,POS,-25,
,'Current,,07/12/2015 00:00,"'9285 05DEC15 C , SACAT MARKS AND , SPENCER , LONDON GB",,,,,POS,-17.6,
,'Current,,07/12/2015 00:00,"'9285 05DEC15 , CURRYS DIGITAL , STRATFORD GB",,,,,POS,-109.99,
,'Current,,07/12/2015 00:00,"'9285 05DEC15 C , M AND S SIMPLY FOOD - , SSP , VICTORIA2STN GB",,,,,POS,-24.7,
,'Current,,07/12/2015 00:00,"'9285 05DEC15 , DNH*GODADDY.COM , EUROPE , GODADDY.COM GB",,,,,POS,-5.99,
,'Current,,07/12/2015 00:00,"'9285 04DEC15 C , PIZZA BUZZ , 2B WORSHIP ST GB",,,,,POS,-7.83,
,'Current,,07/12/2015 00:00,"'9285 05DEC15 , TFL CYCLE HIRE , BRAHAM STREET GB",,,,,POS,-4,
,'Current,,07/12/2015 00:00,"'9285 06DEC15 , GOOGLE *COMMERCE , LTD , GOOGLE.COM/CH GB",,,,,POS,-9.99,
,'Current,,07/12/2015 00:00,"'9285 06DEC15 C , SIMPLY FRESH , LONDON GB",,,,,POS,-20.24,
,'Current,,08/12/2015 00:00,"'9285 08DEC15 , MUBI , LONDON GB",,,,,POS,-4.99,
,'Current,,08/12/2015 00:00,"'9285 07DEC15 C , SUBWAY , CITY ROAD LON GB",,,,,POS,-5.69,
,'Current,,08/12/2015 00:00,'UNICEF UK,,,,,D/D,-4,
,'Current,,09/12/2015 00:00,"'9285 08DEC15 , MUDMEE THAI RESTAU, LONDON E1 GB",,,,,POS,-19.7,
,'Current,,10/12/2015 00:00,"'9285 09DEC15 C , SUBWAY , CITY ROAD LON GB",,,,,POS,-6.98,
,'Current,,14/12/2015 00:00,"'9285 11DEC15 , GIVEWELL , 6462332035 US , USD 5.00, VRATE 1.5105, FGN PUR FEE 1.00",,,,,POS,-4.31,
,'Current,,14/12/2015 00:00,"'9285 11DEC15 , BB *RAINFOREST , TRUST , 8004564930 US , USD 5.00, VRATE 1.5105, FGN PUR FEE 1.00",,,,,POS,-4.31,
,'Current,,14/12/2015 00:00,"'9285 13DEC15 , 447581427540 , FEE GB",,,,,POS,-20.17,
,'Current,,14/12/2015 00:00,"'9285 12DEC15 C , TFL.GOV.UK/CP , TFL TRAVEL CH GB",,,,,POS,-1.5,
,'Current,,14/12/2015 00:00,"'9285 12DEC15 C , PAPERCHASE , STRATFORD GB",,,,,POS,-3,
Rbs,'Current,Food/Groceries,14/12/2015 00:00,"'9285 13DEC15 C , CO-OP GROUP PETROL, BOW ROAD GB",-8.58,,,Groceries,POS,-8.58,13/12/2015
,'Current,,14/12/2015 00:00,"'9285 12DEC15 C , M AND S SIMPLY FOOD - , SSP , LIVERPOOL ST GB",,,,,POS,-8.25,
Rbs,'Current,Food/Groceries,14/12/2015 00:00,"'9285 12DEC15 , NEWSPOINT , (STRATFORD) , LONDON GB",-5.17,,,Snack / Sweets,POS,-5.17,12/12/2015
Rbs,'Current,Food/Groceries,14/12/2015 00:00,"'9285 12DEC15 C , TORTILLA WESTFIELD, STR , LONDON GB",-16.7,,,Restaurant/Fast food,POS,-16.7,12/12/2015
Rbs,'Current,Entertainment,14/12/2015 00:00,"'9285 12DEC15 C , SACAT MARKS AND , SPENCER , LONDON GB",-12,,,Night Out,POS,-12,12/12/2015
Rbs,'Current,Misc/One-time,14/12/2015 00:00,"'9285 12DEC15 , LEGO STORE , STRATFORD CTY GB",-4.99,,,Gifts/Charity,POS,-4.99,12/12/2015
,'Current,,14/12/2015 00:00,"'9285 12DEC15 C , CO-OP GROUP PETROL, BOW ROAD GB",,,,,POS,-7.9,
,'Current,,14/12/2015 00:00,"'9285 11DEC15 C , SIMPLY FRESH , LONDON GB",,,,,POS,-12.47,
Rbs,'Current,Salary ,15/12/2015 00:00,'ELSEVIER LTD,2982.97,,,,BAC,2982.97,16/12/2015
Rbs,'Current,Departmental,15/12/2015 00:00,"'9285 14DEC15 , CURRYS DIGITAL , LONDON GB",-34.98,,,Electronics,POS,-34.98,14/12/2015
,'Current,,15/12/2015 00:00,"'9285 14DEC15 C , SUBWAY , CITY ROAD LON GB",,,,,POS,-5.5,
,'Current,,15/12/2015 00:00,"'9285 14DEC15 , HACHE BURGER , CONNOISSE , LONDON EC2A 3 GB",,,,,POS,-72.69,
Rbs,'Current,Car/Auto,15/12/2015 00:00,"'9285 14DEC15 , CYCLE SURGERY , LONDON EC1Y GB",-69.98,,,Bike,POS,-69.98,14/12/2015
,'Current,,15/12/2015 00:00,'OXFAM DD,,,,,D/D,-3,
Rbs,'Current,Food/Groceries,18/12/2015 00:00,"'9285 16DEC15 , TESCO STORES-2092",-7.5,,,Groceries,IBP,-7.5,16/12/2015
,'Current,,18/12/2015 00:00,'OVO ENERGY,,,,,D/D,-44,
,'Current,,21/12/2015 00:00,'LBTH COUNCIL TAX,,,,,D/D,-98,
,'Current,,22/12/2015 00:00,"'0707 21DEC15 , GOOGLE *NOODLECAKE, GOOGLE.COM/CH GB",,,,,POS,-1.79,
,'Current,,23/12/2015 00:00,"'0707 22DEC15 , WASABI FINSBURY , PAVEME , LONDON GB",,,,,POS,-4.45,
,'Current,,24/12/2015 00:00,"'0707 23DEC15 , TRAINLINE , 03332 022 222 LU",,,,,POS,-60.5,
,'Current,,24/12/2015 00:00,"'0707 23DEC15 , 447825314092 , FEE GB",,,,,POS,-53,
